Sample_name,Species,Accession,Sp_ac.x,Rep.x,Fruit_num,Clr_cat,Phylo_pos,Ripeness,Include_in_analysis,Date_collected,Diameter_mm,Length_mm,Diam_lgth_ratio,Fresh_weight_grams,Seed_count,Tomato Pericarp Area Ratio_inside,Average Luminosity_outside,Average Hue_outside,Average Chroma_outside,Sample,Sp_ac.y,Rep.y,Glucose_rep_avg,Fructose_rep_avg,Sucrose_rep_avg,Total_sugars,Citric_avg,Malic_avg,Total_acids,Sp_ac_Rep,X1,species_name,species_code,clr_cat,lab_id,accession,tgrc_id,jake_farm_2019_grown,compatability,country,dept_province,pop_hamid,lat,lon,elevation_m,climatic_group,Temp,Temp_seasonality,Temp_warmest_q,Temp_coldest_q,Prec,Prec_seasonality,Prec_wettest_q,Prec_driest_q
SA-05-A-02,SA,05,SA-05,A,02,grn,6,ripe,include,2020-07-30,12.09,10.67,1.13,0.8442,3,0.2279,100.4263,94.7401,11.0804,SA-05-A-02,SA-05,A,8.17115,12.8916,15.226099999999999,36.28885,1.9957,3.6947,5.6904,SA-05-A,1,S. arcanum,SA,grn,SA5,SA-05,LA2917,NA,UNKNOWN,Peru,Ancash,NA,-9.3,-77.016667,2430,NA,154,548,159,145,708,61,305,33
SA-05-A-03,SA,05,SA-05,A,03,grn,6,ripe,include,2020-07-30,13.9,10.95,1.27,1.1097,3,0.2617,103.3959,103.7751,13.3,SA-05-A-03,SA-05,A,5.114,7.8477500000000004,7.3174,20.27915,3.8272,3.6181,7.4453,SA-05-A,1,S. arcanum,SA,grn,SA5,SA-05,LA2917,NA,UNKNOWN,Peru,Ancash,NA,-9.3,-77.016667,2430,NA,154,548,159,145,708,61,305,33
SA-05-B-03,SA,05,SA-05,B,03,grn,6,ripe,include,2020-07-22,15.17,13.02,1.17,1.5147,45,0.2759,100.7136,105.3654,17.1776,SA-05-B-03,SA-05,B,3.4531,5.5625,20.348,29.363599999999998,1.8943,3.6839,5.5782,SA-05-B,1,S. arcanum,SA,grn,SA5,SA-05,LA2917,NA,UNKNOWN,Peru,Ancash,NA,-9.3,-77.016667,2430,NA,154,548,159,145,708,61,305,33
SA-05-B-04,SA,05,SA-05,B,04,grn,6,ripe,include,2020-07-22,13.11,11.37,1.15,0.9383,32,0.2777,97.2537,106.6674,18.5051,SA-05-B-04,SA-05,B,4.23355,5.8224,29.1082,39.16415,0.828,4.8815,5.7095,SA-05-B,1,S. arcanum,SA,grn,SA5,SA-05,LA2917,NA,UNKNOWN,Peru,Ancash,NA,-9.3,-77.016667,2430,NA,154,548,159,145,708,61,305,33
SA-05-C-01,SA,05,SA-05,C,01,grn,6,ripe,include,2020-07-10,15.31,13.28,1.15,1.5782,30,0.2759,97.482,100.2206,14.6558,SA-05-C-01,SA-05,C,2.0824,4.48365,11.81665,18.3827,1.919,3.7333,5.6523,SA-05-C,1,S. arcanum,SA,grn,SA5,SA-05,LA2917,NA,UNKNOWN,Peru,Ancash,NA,-9.3,-77.016667,2430,NA,154,548,159,145,708,61,305,33
SA-05-C-05,SA,05,SA-05,C,05,grn,6,ripe,include,2020-07-14,14.41,11.86,1.22,1.2439,43,0.2774,90.0889,105.068,12.9371,SA-05-C-05,SA-05,C,1.29365,2.3394500000000003,3.6383,7.2714,3.2239,6.8628,10.0867,SA-05-C,1,S. arcanum,SA,grn,SA5,SA-05,LA2917,NA,UNKNOWN,Peru,Ancash,NA,-9.3,-77.016667,2430,NA,154,548,159,145,708,61,305,33
SA-09-A-03,SA,09,SA-09,A,03,grn,6,ripe,include,2020-07-08,19.45,16.86,1.15,3.2994,63,0.4163,104.2523,81.1587,6.8566,SA-09-A-03,SA-09,A,0.5575,8.1441,31.22255,39.92415,2.2149,3.7468,5.9617000000000004,SA-09-A,2,S. arcanum,SA,grn,SA9,SA-09,LA2153,NA,SI,Peru,Cajamarca,NA,-7.255833,-78.485,2800,NA,112,713,119,101,917,59,395,51
SA-09-A-05,SA,09,SA-09,A,05,grn,6,ripe,include,2020-07-30,24.04,19.67,1.22,6.0954,143,0.2705,89.7507,84.8036,12.1192,SA-09-A-05,SA-09,A,0.34215,8.53125,28.328249999999997,37.20165,0.5058,3.8488,4.3546000000000005,SA-09-A,2,S. arcanum,SA,grn,SA9,SA-09,LA2153,NA,SI,Peru,Cajamarca,NA,-7.255833,-78.485,2800,NA,112,713,119,101,917,59,395,51
SA-09-B-04,SA,09,SA-09,B,04,grn,6,ripe,include,2020-07-27,20.71,17.08,1.21,3.6865,85,0.3216,104.9266,83.1593,9.9159,SA-09-B-04,SA-09,B,0.33209999999999995,5.674799999999999,57.2636,63.2705,1.1832,2.906,4.0892,SA-09-B,2,S. arcanum,SA,grn,SA9,SA-09,LA2153,NA,SI,Peru,Cajamarca,NA,-7.255833,-78.485,2800,NA,112,713,119,101,917,59,395,51
SA-09-B-05,SA,09,SA-09,B,05,grn,6,ripe,include,2020-07-27,21.19,19.06,1.11,4.4924,89,0.3854,103.0622,86.2795,10.7918,SA-09-B-05,SA-09,B,0.8480000000000001,4.80455,66.83745,72.49000000000001,1.3059,1.6566,2.9625000000000004,SA-09-B,2,S. arcanum,SA,grn,SA9,SA-09,LA2153,NA,SI,Peru,Cajamarca,NA,-7.255833,-78.485,2800,NA,112,713,119,101,917,59,395,51
SA-09-C-01,SA,09,SA-09,C,01,grn,6,ripe,include,2020-06-23,21.14,19.05,1.11,4.5133,140,0.3379,94.1464,99.6557,13.3505,SA-09-C-01,SA-09,C,1.0606,8.725200000000001,55.42645,65.21225000000001,3.0049,2.3805,5.385400000000001,SA-09-C,2,S. arcanum,SA,grn,SA9,SA-09,LA2153,NA,SI,Peru,Cajamarca,NA,-7.255833,-78.485,2800,NA,112,713,119,101,917,59,395,51
SA-09-C-05,SA,09,SA-09,C,05,grn,6,ripe,include,2020-08-07,17.49,14.76,1.18,2.3205,166,0.2742,105.2711,87.1498,10.585,SA-09-C-05,SA-09,C,0.82965,10.79885,6.07465,17.70315,10.2973,8.1434,18.4407,SA-09-C,2,S. arcanum,SA,grn,SA9,SA-09,LA2153,NA,SI,Peru,Cajamarca,NA,-7.255833,-78.485,2800,NA,112,713,119,101,917,59,395,51
SA-18-A-04,SA,18,SA-18,A,04,grn,6,ripe,include,2020-08-05,15.55,14.47,1.07,1.8631,68,0.1342,77.6323,109.3755,21.0737,SA-18-A-04,SA-18,A,3.9767,9.0954,34.7502,47.8223,5.3967,5.5077,10.904399999999999,SA-18-A,3,S. arcanum,SA,grn,SA18,SA-18,LA2157,NA,SC,Peru,Cajamarca,NA,-6.505833,-78.808889,1600,NA,157,589,163,148,956,42,354,100
SA-18-A-05,SA,18,SA-18,A,05,grn,6,ripe,include,2020-08-05,13.35,13.16,1.01,1.3005,57,0.2085,77.2453,106.1661,22.3191,SA-18-A-05,SA-18,A,3.18705,4.6488,101.3133,109.14914999999999,4.7983,4.4023,9.200600000000001,SA-18-A,3,S. arcanum,SA,grn,SA18,SA-18,LA2157,NA,SC,Peru,Cajamarca,NA,-6.505833,-78.808889,1600,NA,157,589,163,148,956,42,354,100
SA-18-B-02,SA,18,SA-18,B,02,grn,6,ripe,include,2020-07-23,15.71,15.16,1.04,2.0078,61,0.2424,76.4597,104.183,20.9609,SA-18-B-02,SA-18,B,3.4562,5.5805,118.8286,127.86529999999999,4.622,3.4798,8.1018,SA-18-B,3,S. arcanum,SA,grn,SA18,SA-18,LA2157,NA,SC,Peru,Cajamarca,NA,-6.505833,-78.808889,1600,NA,157,589,163,148,956,42,354,100
SA-18-B-05,SA,18,SA-18,B,05,grn,6,ripe,include,2020-08-06,14.24,13.45,1.06,1.5169,37,0.2433,75.7765,108.4191,20.3522,SA-18-B-05,SA-18,B,2.15145,6.29515,76.20245,84.64905,5.004,2.3144,7.3184,SA-18-B,3,S. arcanum,SA,grn,SA18,SA-18,LA2157,NA,SC,Peru,Cajamarca,NA,-6.505833,-78.808889,1600,NA,157,589,163,148,956,42,354,100
SA-18-C-01,SA,18,SA-18,C,01,grn,6,ripe,include,2020-07-27,13.93,13.32,1.05,1.4317,51,0.2601,73.8197,109.115,18.2865,SA-18-C-01,SA-18,C,1.5541999999999998,6.78465,77.9943,86.33314999999999,9.0546,3.1613,12.215900000000001,SA-18-C,3,S. arcanum,SA,grn,SA18,SA-18,LA2157,NA,SC,Peru,Cajamarca,NA,-6.505833,-78.808889,1600,NA,157,589,163,148,956,42,354,100
SA-18-C-02,SA,18,SA-18,C,02,grn,6,ripe,include,2020-07-27,13.47,13.67,0.99,1.4516,68,0.2261,78.0948,109.2767,23.2913,SA-18-C-02,SA-18,C,3.9518,7.92935,121.6175,133.49865,4.5923,3.1272,7.7195,SA-18-C,3,S. arcanum,SA,grn,SA18,SA-18,LA2157,NA,SC,Peru,Cajamarca,NA,-6.505833,-78.808889,1600,NA,157,589,163,148,956,42,354,100
SC-19-A-01,SC,19,SC-19,A,01,roy,3,ripe,include,2020-07-22,13.05,12.25,1.07,1.1662,48,0.3592,72.5087,74.6607,29.3235,SC-19-A-01,SC-19,A,25.0972,27.29905,4.57065,56.9669,8.5883,1.2149,9.8032,SC-19-A,4,S. cheesmaniae,SC,roy,SC19,SC-19,LA1412,y,SC,Ecuador,Galapagos_Islands,NA,-0.86667,-89.56667,100,SA,234,1739,257,212,591,74,312,61
SC-19-A-05,SC,19,SC-19,A,05,roy,3,ripe,include,2020-08-05,13.39,12.6,1.06,1.2208,41,0.3271,72.6475,60.9953,28.7024,SC-19-A-05,SC-19,A,25.848300000000002,26.799300000000002,9.308250000000001,61.955850000000005,3.8271,0.4065,4.2336,SC-19-A,4,S. cheesmaniae,SC,roy,SC19,SC-19,LA1412,y,SC,Ecuador,Galapagos_Islands,NA,-0.86667,-89.56667,100,SA,234,1739,257,212,591,74,312,61
SC-19-B-02,SC,19,SC-19,B,02,roy,3,ripe,include,2020-07-20,12.56,11.61,1.08,0.9435,26,0.4498,76.6204,71.4321,30.659300000000002,SC-19-B-02,SC-19,B,17.09565,20.7838,0,37.87945,4.1916,0.4099,4.601500000000001,SC-19-B,4,S. cheesmaniae,SC,roy,SC19,SC-19,LA1412,y,SC,Ecuador,Galapagos_Islands,NA,-0.86667,-89.56667,100,SA,234,1739,257,212,591,74,312,61
SC-19-B-04,SC,19,SC-19,B,04,roy,3,ripe,include,2020-08-06,13.01,12.46,1.04,1.1919,48,0.3906,77.5476,71.6974,29.733,SC-19-B-04,SC-19,B,14.6592,14.7171,0.5488000000000001,29.9251,5.441,0.4664,5.9074,SC-19-B,4,S. cheesmaniae,SC,roy,SC19,SC-19,LA1412,y,SC,Ecuador,Galapagos_Islands,NA,-0.86667,-89.56667,100,SA,234,1739,257,212,591,74,312,61
SC-19-C-01,SC,19,SC-19,C,01,roy,3,ripe,include,2020-07-23,13.69,13.06,1.05,1.2597,30,0.406,70.3885,66.7077,27.5839,SC-19-C-01,SC-19,C,26.870350000000002,27.92145,7.850199999999999,62.642,9.1025,0.3408,9.443299999999999,SC-19-C,4,S. cheesmaniae,SC,roy,SC19,SC-19,LA1412,y,SC,Ecuador,Galapagos_Islands,NA,-0.86667,-89.56667,100,SA,234,1739,257,212,591,74,312,61
SC-19-C-02,SC,19,SC-19,C,02,roy,3,ripe,include,2020-07-23,13.52,13.2,1.02,1.306,34,0.3735,73.7507,67.6303,30.3918,SC-19-C-02,SC-19,C,23.601550000000003,23.543300000000002,5.22565,52.37050000000001,5.1211,0.2975,5.4186000000000005,SC-19-C,4,S. cheesmaniae,SC,roy,SC19,SC-19,LA1412,y,SC,Ecuador,Galapagos_Islands,NA,-0.86667,-89.56667,100,SA,234,1739,257,212,591,74,312,61
SC-22-A-02,SC,22,SC-22,A,02,roy,3,ripe,include,2020-08-13,12.39,11.01,1.13,0.9165,19,0.45,72.0364,69.0216,25.3526,SC-22-A-02,SC-22,A,3.2182,17.3833,3.3526499999999997,23.95415,4.0173,0.3778,4.395099999999999,SC-22-A,5,S. cheesmaniae,SC,roy,SC22,SC-22,LA0428,y,SC,Ecuador,Galapagos_Islands,NA,-0.65,-90.3,700,SA,204,1785,229,183,1114,22,362,232
SC-22-A-03,SC,22,SC-22,A,03,roy,3,ripe,include,2020-08-26,14.66,13.06,1.12,1.4814,34,0.4478,76.6953,85.7044,31.8152,SC-22-A-03,SC-22,A,3.42535,24.39085,1.69295,29.50915,7.5925,0.3988,7.9913,SC-22-A,5,S. cheesmaniae,SC,roy,SC22,SC-22,LA0428,y,SC,Ecuador,Galapagos_Islands,NA,-0.65,-90.3,700,SA,204,1785,229,183,1114,22,362,232
SC-22-B-04,SC,22,SC-22,B,04,roy,3,ripe,include,2020-09-01,13.78,12.37,1.11,1.2369,26,0.5078,79.9529,86.7445,24.8341,SC-22-B-04,SC-22,B,0.6335,8.81795,1.1229,10.574349999999999,7.1265,0.875,8.0015,SC-22-B,5,S. cheesmaniae,SC,roy,SC22,SC-22,LA0428,y,SC,Ecuador,Galapagos_Islands,NA,-0.65,-90.3,700,SA,204,1785,229,183,1114,22,362,232
SC-22-B-05,SC,22,SC-22,B,05,roy,3,ripe,include,2020-09-12,14.16,12.26,1.15,1.2948,39,0.4353,80.6713,89.1069,32.027,SC-22-B-05,SC-22,B,4.07935,22.3797,0.5594,27.018449999999998,3.2444,0.1409,3.3853,SC-22-B,5,S. cheesmaniae,SC,roy,SC22,SC-22,LA0428,y,SC,Ecuador,Galapagos_Islands,NA,-0.65,-90.3,700,SA,204,1785,229,183,1114,22,362,232
SC-22-C-01,SC,22,SC-22,C,01,roy,3,ripe,include,2020-07-27,10.87,9.7,1.12,0.6309,13,0.4247,78.6722,88.3589,37.3229,SC-22-C-01,SC-22,C,5.97645,16.47555,4.5155,26.967499999999998,4.8071,0.4341,5.2412,SC-22-C,5,S. cheesmaniae,SC,roy,SC22,SC-22,LA0428,y,SC,Ecuador,Galapagos_Islands,NA,-0.65,-90.3,700,SA,204,1785,229,183,1114,22,362,232
SC-22-C-06,SC,22,SC-22,C,06,roy,3,ripe,include,2020-09-15,14.08,12.36,1.14,1.3131,47,0.448,79.6773,81.0073,25.3136,SC-22-C-06,SC-22,C,1.0632000000000001,10.353449999999999,0.35725,11.7739,4.2613,0.6467,4.908,SC-22-C,5,S. cheesmaniae,SC,roy,SC22,SC-22,LA0428,y,SC,Ecuador,Galapagos_Islands,NA,-0.65,-90.3,700,SA,204,1785,229,183,1114,22,362,232
SC-31-A-03,SC,31,SC-31,A,03,roy,3,ripe,include,2020-08-26,14.71,13.36,1.1,1.6348,42,0.4472,73.6315,97.8364,13.5884,SC-31-A-03,SC-31,A,3.16195,9.90295,0.82765,13.892550000000002,4.6096,0.8099,5.4195,SC-31-A,6,S. cheesmaniae,SC,roy,SC31,SC-31,LA1035,y,SC,Ecuador,Galapagos_Islands,NA,-0.43333,-91.46667,300,SA,226,1471,246,208,763,32,283,133
SC-31-A-05,SC,31,SC-31,A,05,roy,3,ripe,include,2020-09-05,14.86,13.58,1.09,1.6327,36,0.4472,82.1922,92.6727,16.3206,SC-31-A-05,SC-31,A,3.87355,12.5574,0.4375,16.86845,5.5744,1.0495,6.6239,SC-31-A,6,S. cheesmaniae,SC,roy,SC31,SC-31,LA1035,y,SC,Ecuador,Galapagos_Islands,NA,-0.43333,-91.46667,300,SA,226,1471,246,208,763,32,283,133
SC-31-C-03,SC,31,SC-31,C,03,roy,3,ripe,include,2020-08-28,14.24,12.84,1.11,1.4051,32,0.4477,80.7137,95.0485,15.8346,SC-31-C-03,SC-31,C,6.1393,14.918050000000001,2.07795,23.1353,3.1455,0.3829,3.5284000000000004,SC-31-C,6,S. cheesmaniae,SC,roy,SC31,SC-31,LA1035,y,SC,Ecuador,Galapagos_Islands,NA,-0.43333,-91.46667,300,SA,226,1471,246,208,763,32,283,133
SC-31-C-04,SC,31,SC-31,C,04,roy,3,ripe,include,2020-08-28,14.75,13.36,1.1,1.5918,49,0.4474,84.8695,95.8441,14.8028,SC-31-C-04,SC-31,C,2.4695,7.5203,0.34085,10.330649999999999,4.7305,0.6564,5.3869,SC-31-C,6,S. cheesmaniae,SC,roy,SC31,SC-31,LA1035,y,SC,Ecuador,Galapagos_Islands,NA,-0.43333,-91.46667,300,SA,226,1471,246,208,763,32,283,133
SCH-06-A-06,SCH,06,SCH-06,A,06,grn,11,ripe,include,2020-07-22,14.92,11.86,1.26,1.3941,39,0.3255,92.513,95.0224,11.0701,SCH-06-A-06,SCH-06,A,2.31075,4.63485,39.17185,46.11745,7.3699,5.5445,12.9144,SCH-06-A,8,S. chilense,SCH,grn,SCH6,SCH-06,LA2750,NA,SI,Chile,Antofagasta,NA,-22.070278,-70.163056,300,NA,168,2547,201,135,0,0,0,0
SCH-06-A-09,SCH,06,SCH-06,A,09,grn,11,ripe,include,2020-07-30,14.49,12.15,1.19,1.2862,48,0.2433,101.1009,80.9951,10.9344,SCH-06-A-09,SCH-06,A,3.5378999999999996,6.99905,29.76095,40.2979,5.104,5.1123,10.2163,SCH-06-A,8,S. chilense,SCH,grn,SCH6,SCH-06,LA2750,NA,SI,Chile,Antofagasta,NA,-22.070278,-70.163056,300,NA,168,2547,201,135,0,0,0,0
SCH-06-B-05,SCH,06,SCH-06,B,05,grn,11,ripe,include,2020-07-22,15.37,13.19,1.17,1.5447,26,0.309,100.2786,83.7501,11.1316,SCH-06-B-05,SCH-06,B,1.1343,5.8101,42.103849999999994,49.048249999999996,3.0243,2.1594,5.1837,SCH-06-B,8,S. chilense,SCH,grn,SCH6,SCH-06,LA2750,NA,SI,Chile,Antofagasta,NA,-22.070278,-70.163056,300,NA,168,2547,201,135,0,0,0,0
SCH-06-B-07,SCH,06,SCH-06,B,07,grn,11,ripe,include,2020-09-01,14.21,12.46,1.14,1.0379,66,0.2943,103.7479,93.5121,14.4249,SCH-06-B-07,SCH-06,B,0.9916,3.5092,8.71955,13.22035,1.563,2.2296,3.7926,SCH-06-B,8,S. chilense,SCH,grn,SCH6,SCH-06,LA2750,NA,SI,Chile,Antofagasta,NA,-22.070278,-70.163056,300,NA,168,2547,201,135,0,0,0,0
SCH-06-C-02,SCH,06,SCH-06,C,02,grn,11,ripe,include,2020-07-07,15.32,13.36,1.15,1.6202,53,0.2588,93.59,90.5768,12.016,SCH-06-C-02,SCH-06,C,1.30915,3.58465,34.64855,39.54235,2.8027,5.4065,8.209200000000001,SCH-06-C,8,S. chilense,SCH,grn,SCH6,SCH-06,LA2750,NA,SI,Chile,Antofagasta,NA,-22.070278,-70.163056,300,NA,168,2547,201,135,0,0,0,0
SCH-06-C-10,SCH,06,SCH-06,C,10,grn,11,unripe,include,2020-09-15,13.45,12.54,1.07,1.2083,12,0.3736,91.0986,72.4245,10.6955,SCH-06-C-10,SCH-06,C,0.9882,0.793,11.89035,13.67155,5.963,1.437,7.4,SCH-06-C,8,S. chilense,SCH,grn,SCH6,SCH-06,LA2750,NA,SI,Chile,Antofagasta,NA,-22.070278,-70.163056,300,NA,168,2547,201,135,0,0,0,0
SCH-08-A-01,SCH,08,SCH-08,A,01,grn,11,unripe,include,2020-06-19,16.05,12.62,1.27,1.6956,68,0.2399,88.597,81.1812,15.485,SCH-08-A-01,SCH-08,A,3.06335,18.662599999999998,29.95505,51.681,1.7522,4.6124,6.3646,SCH-08-A,9,S. chilense,SCH,grn,SCH8,SCH-08,LA4117A,NA,SI,Chile,Antofagasta,NA,-22.9075,-67.940833,3540,NA,84,3229,118,36,39,150,34,0
SCH-08-A-02,SCH,08,SCH-08,A,02,grn,11,ripe,include,2020-06-23,18.69,13.99,1.34,2.6102,75,0.37,91.4726,89.5773,15.2716,SCH-08-A-02,SCH-08,A,3.3814,16.21305,33.81075,53.405199999999994,1.7728,2.6747,4.4475,SCH-08-A,9,S. chilense,SCH,grn,SCH8,SCH-08,LA4117A,NA,SI,Chile,Antofagasta,NA,-22.9075,-67.940833,3540,NA,84,3229,118,36,39,150,34,0
SCH-08-A-04,SCH,08,SCH-08,A,04,grn,11,ripe,include,2020-06-23,18.71,15.02,1.25,2.8027,88,0.3872,89.3869,87.5782,13.9919,SCH-08-A-04,SCH-08,A,3.3664,16.26585,43.091049999999996,62.723299999999995,0.8362,4.2656,5.1018,SCH-08-A,9,S. chilense,SCH,grn,SCH8,SCH-08,LA4117A,NA,SI,Chile,Antofagasta,NA,-22.9075,-67.940833,3540,NA,84,3229,118,36,39,150,34,0
SCH-08-A-08,SCH,08,SCH-08,A,08,grn,11,ripe,include,2020-06-26,17.28,13.53,1.28,2.0923,72,0.4033,85.6981,90.2666,14.2222,SCH-08-A-08,SCH-08,A,2.0221,12.22935,47.596599999999995,61.84804999999999,0.6005,5.9147,6.5152,SCH-08-A,9,S. chilense,SCH,grn,SCH8,SCH-08,LA4117A,NA,SI,Chile,Antofagasta,NA,-22.9075,-67.940833,3540,NA,84,3229,118,36,39,150,34,0
SCM-01-A-01,SCM,01,SCM-01,A,01,grn,5,ripe,include,2020-08-05,17.1,15.93,1.07,2.3929,75,0.2734,107.6909,96.1467,16.1316,SCM-01-A-01,SCM-01,A,1.1982,2.1808,47.2043,50.5833,1.5699,0.9922,2.5621,SCM-01-A,10,S. chmielewskii,SCM,grn,SCM1,SCM-01,LA1317,y,SC,Peru,Ayacucho,NA,-13.41667,-73.84167,2610,HU,168,1009,179,153,637,79,359,29
SCM-01-A-02,SCM,01,SCM-01,A,02,grn,5,ripe,include,2020-08-05,17.67,16.54,1.07,2.6009,77,0.29,103.9925,96.2879,17.6939,SCM-01-A-02,SCM-01,A,2.37345,2.92525,63.390550000000005,68.68925,1.8021,1.4084,3.2105,SCM-01-A,10,S. chmielewskii,SCM,grn,SCM1,SCM-01,LA1317,y,SC,Peru,Ayacucho,NA,-13.41667,-73.84167,2610,HU,168,1009,179,153,637,79,359,29
SCM-01-B-04,SCM,01,SCM-01,B,04,grn,5,ripe,include,2020-08-20,19.74,16.88,1.17,3.3415,84,0.3225,104.7677,101.5164,20.3652,SCM-01-B-04,SCM-01,B,3.7935,4.1758,122.51294999999999,130.48225,2.1316,0.9392,3.0708,SCM-01-B,10,S. chmielewskii,SCM,grn,SCM1,SCM-01,LA1317,y,SC,Peru,Ayacucho,NA,-13.41667,-73.84167,2610,HU,168,1009,179,153,637,79,359,29
SCM-01-B-05,SCM,01,SCM-01,B,05,grn,5,ripe,include,2020-09-01,19.58,17.01,1.15,3.3167,70,0.3551,100.4797,101.3899,23.0997,SCM-01-B-05,SCM-01,B,3.0164999999999997,2.7611,90.7958,96.57339999999999,0.98,0.1955,1.1755,SCM-01-B,10,S. chmielewskii,SCM,grn,SCM1,SCM-01,LA1317,y,SC,Peru,Ayacucho,NA,-13.41667,-73.84167,2610,HU,168,1009,179,153,637,79,359,29
SCM-01-C-04,SCM,01,SCM-01,C,04,grn,5,unripe,include,2020-08-30,16.11,13.19,1.22,1.7766,11,0.3418,98.7828,86.3068,14.7155,SCM-01-C-04,SCM-01,C,1.6661000000000001,3.06385,51.741600000000005,56.47155000000001,5.0413,0.9728,6.0141,SCM-01-C,10,S. chmielewskii,SCM,grn,SCM1,SCM-01,LA1317,y,SC,Peru,Ayacucho,NA,-13.41667,-73.84167,2610,HU,168,1009,179,153,637,79,359,29
SCM-01-C-07,SCM,01,SCM-01,C,07,grn,5,ripe,include,2020-09-12,17.04,15.59,1.09,2.3529,49,0.3076,98.6323,93.9662,20.5402,SCM-01-C-07,SCM-01,C,3.6725,5.93285,59.693799999999996,69.29915,2.2783,0.8936,3.1719,SCM-01-C,10,S. chmielewskii,SCM,grn,SCM1,SCM-01,LA1317,y,SC,Peru,Ayacucho,NA,-13.41667,-73.84167,2610,HU,168,1009,179,153,637,79,359,29
SCM-03-A-05,SCM,03,SCM-03,A,05,grn,5,ripe,include,2020-09-01,16.88,15.41,1.1,2.1724,63,0.2573,93.7292,95.235,22.8525,SCM-03-A-05,SCM-03,A,3.96845,4.43815,82.2923,90.6989,0.75365,0.11635,0.87,SCM-03-A,11,S. chmielewskii,SCM,grn,SCM3,SCM-03,LA1306,y,SC,Peru,Ayacucho,NA,-12.95,-74.01667,3100,HU,126,1031,137,110,876,75,474,49
SCM-03-A-07,SCM,03,SCM-03,A,07,grn,5,ripe,include,2020-09-12,15.52,13.75,1.13,1.7547,53,0.242,86.4348,107.2423,16.4168,SCM-03-A-07,SCM-03,A,2.4068500000000004,4.1411,48.563,55.11095,8.2638,3.1757,11.439499999999999,SCM-03-A,11,S. chmielewskii,SCM,grn,SCM3,SCM-03,LA1306,y,SC,Peru,Ayacucho,NA,-12.95,-74.01667,3100,HU,126,1031,137,110,876,75,474,49
SCM-03-B-03,SCM,03,SCM-03,B,03,grn,5,ripe,include,2020-09-01,14.86,13.11,1.13,1.4751,70,0.293,93.5297,104.3159,17.0568,SCM-03-B-03,SCM-03,B,4.6649,9.12105,81.09255,94.8785,5.8075,1.8384,7.6459,SCM-03-B,11,S. chmielewskii,SCM,grn,SCM3,SCM-03,LA1306,y,SC,Peru,Ayacucho,NA,-12.95,-74.01667,3100,HU,126,1031,137,110,876,75,474,49
SCM-03-B-04,SCM,03,SCM-03,B,04,grn,5,ripe,include,2020-09-01,14.62,13.21,1.11,1.4721,60,0.3101,102.2745,101.2779,17.1158,SCM-03-B-04,SCM-03,B,3.3084,5.8372,65.6057,74.7513,19.2215,1.6304,20.8519,SCM-03-B,11,S. chmielewskii,SCM,grn,SCM3,SCM-03,LA1306,y,SC,Peru,Ayacucho,NA,-12.95,-74.01667,3100,HU,126,1031,137,110,876,75,474,49
SCM-03-C-04,SCM,03,SCM-03,C,04,grn,5,ripe,include,2020-08-20,13.82,12.81,1.08,1.4122,38,0.2766,93.672,99.392,18.3858,SCM-03-C-04,SCM-03,C,8.4246,11.30385,65.9462,85.67465000000001,0.8985,0.3762,1.2747,SCM-03-C,11,S. chmielewskii,SCM,grn,SCM3,SCM-03,LA1306,y,SC,Peru,Ayacucho,NA,-12.95,-74.01667,3100,HU,126,1031,137,110,876,75,474,49
SCM-03-C-05,SCM,03,SCM-03,C,05,grn,5,ripe,include,2020-08-30,15.15,13.77,1.1,1.6803,32,0.2925,102.7867,91.6083,21.5187,SCM-03-C-05,SCM-03,C,6.2982499999999995,6.47955,89.44105,102.21885,6.3728,0.9524,7.3252,SCM-03-C,11,S. chmielewskii,SCM,grn,SCM3,SCM-03,LA1306,y,SC,Peru,Ayacucho,NA,-12.95,-74.01667,3100,HU,126,1031,137,110,876,75,474,49
SCM-11-A-02,SCM,11,SCM-11,A,02,grn,5,ripe,include,2020-08-05,11.47,10.3,1.11,0.7207,25,0.2482,92.4651,103.3835,15.0431,SCM-11-A-02,SCM-11,A,5.5840499999999995,7.724600000000001,10.76585,24.0745,5.4291,4.6156,10.044699999999999,SCM-11-A,12,S. chmielewskii,SCM,grn,SCM11,SCM-11,LA2695,y,SC,Peru,Cusco,NA,-13.95722,-71.76167,2300,HU,116,1360,128,95,744,85,410,18
SCM-11-A-03,SCM,11,SCM-11,A,03,grn,5,unripe,include,2020-08-05,12.14,11.04,1.1,0.8727,61,0.2284,99.8983,102.5191,15.1179,SCM-11-A-03,SCM-11,A,7.90895,8.9923,14.413699999999999,31.31495,3.1367,5.6942,8.8309,SCM-11-A,12,S. chmielewskii,SCM,grn,SCM11,SCM-11,LA2695,y,SC,Peru,Cusco,NA,-13.95722,-71.76167,2300,HU,116,1360,128,95,744,85,410,18
SCM-11-B-01,SCM,11,SCM-11,B,01,grn,5,ripe,include,2020-08-06,13.32,13.11,1.02,1.3598,22,0.2268,81.2663,104.9926,16.4176,SCM-11-B-01,SCM-11,B,2.0074,3.9607,101.47345,107.44155,4.0041,3.0709,7.075,SCM-11-B,12,S. chmielewskii,SCM,grn,SCM11,SCM-11,LA2695,y,SC,Peru,Cusco,NA,-13.95722,-71.76167,2300,HU,116,1360,128,95,744,85,410,18
SCM-11-B-02,SCM,11,SCM-11,B,02,grn,5,unripe,include,2020-09-12,11.44,10.55,1.08,0.7509,22,0.3471,103.6172,93.5742,12.9524,SCM-11-B-02,SCM-11,B,0.5057499999999999,1.0689,5.427899999999999,7.002549999999999,4.6771,2.8637,7.540800000000001,SCM-11-B,12,S. chmielewskii,SCM,grn,SCM11,SCM-11,LA2695,y,SC,Peru,Cusco,NA,-13.95722,-71.76167,2300,HU,116,1360,128,95,744,85,410,18
SCM-11-C-03,SCM,11,SCM-11,C,03,grn,5,ripe,include,2020-07-10,19.35,17.04,1.14,3.1865,47,0.3865,97.9867,98.5703,20.8675,SCM-11-C-03,SCM-11,C,1.73055,2.7261499999999996,31.6802,36.1369,2.7556,2.85,5.6056,SCM-11-C,12,S. chmielewskii,SCM,grn,SCM11,SCM-11,LA2695,y,SC,Peru,Cusco,NA,-13.95722,-71.76167,2300,HU,116,1360,128,95,744,85,410,18
SCM-11-C-07,SCM,11,SCM-11,C,07,grn,5,ripe,include,2020-09-12,14.04,12.72,1.1,1.5206,39,0.2768,97.2194,97.7546,18.1223,SCM-11-C-07,SCM-11,C,3.2342,5.2916,44.7626,53.288399999999996,2.6373,1.5776,4.2149,SCM-11-C,12,S. chmielewskii,SCM,grn,SCM11,SCM-11,LA2695,y,SC,Peru,Cusco,NA,-13.95722,-71.76167,2300,HU,116,1360,128,95,744,85,410,18
SCR-07-A-01,SCR,07,SCR-07,A,01,grn,10,ripe,include,2020-06-23,19.84,17.66,1.12,3.6409,136,0.3544,93.4602,100.8439,17.5298,SCR-07-A-01,SCR-07,A,0.33535000000000004,0.43584999999999996,52.79665,53.56785,2.0004,0.6914,2.6917999999999997,SCR-07-A,13,S. corneliomulleri,SCR,grn,SCR7,SCR-07,LA1945,NA,SI,Peru,Arequipa,NA,-15.818889,-73.397778,1940,NA,154,1323,169,134,52,141,49,0
SCR-07-A-05,SCR,07,SCR-07,A,05,grn,10,ripe,include,2020-07-03,18.52,16.75,1.11,3.0684,106,0.289,91.2308,102.3861,16.1099,SCR-07-A-05,SCR-07,A,0.75675,0.7204999999999999,68.46825,69.9455,1.152,0.7816,1.9335999999999998,SCR-07-A,13,S. corneliomulleri,SCR,grn,SCR7,SCR-07,LA1945,NA,SI,Peru,Arequipa,NA,-15.818889,-73.397778,1940,NA,154,1323,169,134,52,141,49,0
SCR-07-B-01,SCR,07,SCR-07,B,01,grn,10,ripe,include,2020-07-08,16.72,13.65,1.22,2.0282,68,0.3567,94.7698,95.1407,11.9947,SCR-07-B-01,SCR-07,B,4.2298,9.618200000000002,23.67025,37.51825,4.2228,3.433,7.6558,SCR-07-B,13,S. corneliomulleri,SCR,grn,SCR7,SCR-07,LA1945,NA,SI,Peru,Arequipa,NA,-15.818889,-73.397778,1940,NA,154,1323,169,134,52,141,49,0
SCR-07-B-03,SCR,07,SCR-07,B,03,grn,10,ripe,include,2020-07-08,15.81,13.15,1.2,1.7593,58,0.3711,90.2086,96.3783,13.2737,SCR-07-B-03,SCR-07,B,5.24765,9.7155,16.85575,31.8189,3.1417,3.3254,6.4671,SCR-07-B,13,S. corneliomulleri,SCR,grn,SCR7,SCR-07,LA1945,NA,SI,Peru,Arequipa,NA,-15.818889,-73.397778,1940,NA,154,1323,169,134,52,141,49,0
SCR-07-C-06,SCR,07,SCR-07,C,06,grn,10,unripe,include,2020-09-12,12.66,10.98,1.15,1.0294,43,0.5077,88.6388,76.1416,10.5502,SCR-07-C-06,SCR-07,C,1.6233,15.10755,39.95495,56.6858,1.398,0.8433,2.2413,SCR-07-C,13,S. corneliomulleri,SCR,grn,SCR7,SCR-07,LA1945,NA,SI,Peru,Arequipa,NA,-15.818889,-73.397778,1940,NA,154,1323,169,134,52,141,49,0
SCR-07-C-08,SCR,07,SCR-07,C,08,grn,10,ripe,include,2020-09-15,15.32,12.49,1.23,1.6168,50,0.4471,93.5028,59.9424,8.3377,SCR-07-C-08,SCR-07,C,4.10375,34.67735,21.3958,60.176899999999996,11.0413,5.3723,16.4136,SCR-07-C,13,S. corneliomulleri,SCR,grn,SCR7,SCR-07,LA1945,NA,SI,Peru,Arequipa,NA,-15.818889,-73.397778,1940,NA,154,1323,169,134,52,141,49,0
SCR-08-A-04,SCR,08,SCR-08,A,04,grn,10,ripe,include,2020-07-22,16.48,14.19,1.16,2.0649,52,0.3561,84.2187,92.4322,13.3496,SCR-08-A-04,SCR-08,A,4.7166999999999994,18.157049999999998,117.06790000000001,139.94165,10.7704,1.4991,12.2695,SCR-08-A,14,S. corneliomulleri,SCR,grn,SCR8,SCR-08,LA0103,NA,SI,Peru,Lima,NA,-11.988611,-76.908056,100,NA,185,2566,220,155,17,69,11,1
SCR-08-A-06,SCR,08,SCR-08,A,06,grn,10,ripe,include,2020-08-13,17.49,15.63,1.12,2.6551,76,0.3698,90.8273,77.6285,13.7184,SCR-08-A-06,SCR-08,A,3.14705,11.5884,75.33035000000001,90.06580000000001,2.6633,0.4434,3.1067,SCR-08-A,14,S. corneliomulleri,SCR,grn,SCR8,SCR-08,LA0103,NA,SI,Peru,Lima,NA,-11.988611,-76.908056,100,NA,185,2566,220,155,17,69,11,1
SCR-08-B-02,SCR,08,SCR-08,B,02,grn,10,ripe,include,2020-07-30,13.21,14.1,0.94,1.2323,39,0.3736,95.3899,82.0602,10.6676,SCR-08-B-02,SCR-08,B,2.3245,16.7967,67.2089,86.3301,13.6059,1.4602,15.0661,SCR-08-B,14,S. corneliomulleri,SCR,grn,SCR8,SCR-08,LA0103,NA,SI,Peru,Lima,NA,-11.988611,-76.908056,100,NA,185,2566,220,155,17,69,11,1
SCR-08-B-07,SCR,08,SCR-08,B,07,grn,10,ripe,include,2020-09-01,12.46,12.47,1,1.0232,33,0.4495,84.2956,79.0362,9.2938,SCR-08-B-07,SCR-08,B,4.6572,35.58925,40.1787,80.42515,4.405,2.2918,6.6968,SCR-08-B,14,S. corneliomulleri,SCR,grn,SCR8,SCR-08,LA0103,NA,SI,Peru,Lima,NA,-11.988611,-76.908056,100,NA,185,2566,220,155,17,69,11,1
SCR-08-C-04,SCR,08,SCR-08,C,04,grn,10,ripe,include,2020-07-27,15.03,14.93,1.01,1.8376,50,0.4037,93.282,97.5391,13.9765,SCR-08-C-04,SCR-08,C,17.355600000000003,35.70035,75.0839,128.13985,2.0656,0.732,2.7976,SCR-08-C,14,S. corneliomulleri,SCR,grn,SCR8,SCR-08,LA0103,NA,SI,Peru,Lima,NA,-11.988611,-76.908056,100,NA,185,2566,220,155,17,69,11,1
SCR-08-C-05,SCR,08,SCR-08,C,05,grn,10,ripe,include,2020-07-27,13.98,13.37,1.05,1.3249,36,0.42,95.4557,85.8529,13.3876,SCR-08-C-05,SCR-08,C,17.4649,34.19245,52.7326,104.38995,5.489,0.483,5.9719999999999995,SCR-08-C,14,S. corneliomulleri,SCR,grn,SCR8,SCR-08,LA0103,NA,SI,Peru,Lima,NA,-11.988611,-76.908056,100,NA,185,2566,220,155,17,69,11,1
SCR-09-B-01,SCR,09,SCR-09,B,01,grn,10,ripe,include,2020-09-12,10.48,9.19,1.14,0.5383,16,0.4255,93.0199,71.9961,9.7045,SCR-09-B-01,SCR-09,B,4.9159500000000005,8.9468,35.2755,49.13825,4.741,1.4396,6.1806,SCR-09-B,15,S. corneliomulleri,SCR,grn,SCR9,SCR-09,LA1305,NA,SI,Peru,Huancavelica,NA,-13.383333,-75.358333,2960,NA,88,1086,100,72,574,115,415,5
SCR-09-B-02,SCR,09,SCR-09,B,02,grn,10,ripe,include,2020-09-12,10.16,9.58,1.06,0.5368,20,0.4257,91.0076,76.8614,9.2564,SCR-09-B-02,SCR-09,B,3.43965,6.47275,38.26045,48.17285,3.6167,0.8307,4.4474,SCR-09-B,15,S. corneliomulleri,SCR,grn,SCR9,SCR-09,LA1305,NA,SI,Peru,Huancavelica,NA,-13.383333,-75.358333,2960,NA,88,1086,100,72,574,115,415,5
SG-15-A-02,SG,15,SG-15,A,02,roy,4,ripe,include,2020-08-05,8.75,8.64,1.01,0.3502,34,0.3532,80.2855,58.68,39.3906,SG-15-A-02,SG-15,A,34.287,31.48575,23.2066,88.97935000000001,2.8523,0.2272,3.0795,SG-15-A,16,S. galapagense,SG,roy,SG15,SG-15,LA1401,y,SC,Ecuador,Galapagos_Islands,NA,-0.23722,-91.39056,5,SA,243,1400,262,226,629,40,255,97
SG-15-A-04,SG,15,SG-15,A,04,roy,4,ripe,include,2020-08-05,8.37,7.85,1.07,0.2928,12,0.4153,82.2522,58.8564,39.1108,SG-15-A-04,SG-15,A,40.83275,27.32325,9.939250000000001,78.09525000000001,1.708,0.1566,1.8646,SG-15-A,16,S. galapagense,SG,roy,SG15,SG-15,LA1401,y,SC,Ecuador,Galapagos_Islands,NA,-0.23722,-91.39056,5,SA,243,1400,262,226,629,40,255,97
SG-15-B-03,SG,15,SG-15,B,03,roy,4,ripe,include,2020-08-20,9.27,8.94,1.04,0.4089,47,0.3505,74.7153,55.4025,34.6296,SG-15-B-03,SG-15,B,48.90335,41.0452,42.31675,132.26530000000002,3.8541,0.2,4.0541,SG-15-B,16,S. galapagense,SG,roy,SG15,SG-15,LA1401,y,SC,Ecuador,Galapagos_Islands,NA,-0.23722,-91.39056,5,SA,243,1400,262,226,629,40,255,97
SG-15-B-05,SG,15,SG-15,B,05,roy,4,ripe,include,2020-09-05,8.89,8.74,1.02,0.3979,21,0.4536,79.1336,53.6632,34.4279,SG-15-B-05,SG-15,B,38.852000000000004,37.92045,4.99695,81.7694,2.7806,0.1605,2.9411,SG-15-B,16,S. galapagense,SG,roy,SG15,SG-15,LA1401,y,SC,Ecuador,Galapagos_Islands,NA,-0.23722,-91.39056,5,SA,243,1400,262,226,629,40,255,97
SG-15-C-01,SG,15,SG-15,C,01,roy,4,ripe,include,2020-07-27,8.48,8.88,0.95,0.3538,3,0.455,74.3802,58.0915,34.7544,SG-15-C-01,SG-15,C,36.7257,29.763849999999998,12.50665,78.99620000000002,3.7577,0.1358,3.8935,SG-15-C,16,S. galapagense,SG,roy,SG15,SG-15,LA1401,y,SC,Ecuador,Galapagos_Islands,NA,-0.23722,-91.39056,5,SA,243,1400,262,226,629,40,255,97
SG-15-C-03,SG,15,SG-15,C,03,roy,4,ripe,include,2020-08-07,8.02,7.91,1.01,0.2814,23,0.4561,81.971,52.5114,35.0344,SG-15-C-03,SG-15,C,58.43675,22.6762,23.2631,104.37605000000002,3.4184,0.005,3.4234,SG-15-C,16,S. galapagense,SG,roy,SG15,SG-15,LA1401,y,SC,Ecuador,Galapagos_Islands,NA,-0.23722,-91.39056,5,SA,243,1400,262,226,629,40,255,97
SG-23-A-03,SG,23,SG-23,A,03,roy,4,ripe,include,2020-08-11,10.03,9.58,1.05,0.5479,43,0.3774,79.5621,51.5274,34.895,SG-23-A-03,SG-23,A,47.9241,32.5579,22.95975,103.44175,2.9964,0.04755,3.04395,SG-23-A,17,S. galapagense,SG,roy,SG23,SG-23,LA0528,y,SC,Ecuador,Galapagos_Islands,NA,-0.75,-90.31667,23,SA,235,1749,258,214,371,72,189,43
SG-23-A-05,SG,23,SG-23,A,05,roy,4,ripe,include,2020-08-13,10.59,9.87,1.07,0.5784,37,0.3957,81.6141,56.8165,36.9714,SG-23-A-05,SG-23,A,40.1006,36.0304,7.41205,83.54305,5.7968,0.2089,6.0057,SG-23-A,17,S. galapagense,SG,roy,SG23,SG-23,LA0528,y,SC,Ecuador,Galapagos_Islands,NA,-0.75,-90.31667,23,SA,235,1749,258,214,371,72,189,43
SG-23-B-01,SG,23,SG-23,B,01,roy,4,ripe,include,2020-07-20,9.65,8.54,1.13,0.4167,37,0.3781,76.7276,61.6733,34.8718,SG-23-B-01,SG-23,B,36.5839,37.266400000000004,2.41725,76.26755,6.8634,0.3747,7.2381,SG-23-B,17,S. galapagense,SG,roy,SG23,SG-23,LA0528,y,SC,Ecuador,Galapagos_Islands,NA,-0.75,-90.31667,23,SA,235,1749,258,214,371,72,189,43
SG-23-B-05,SG,23,SG-23,B,05,roy,4,ripe,include,2020-09-08,9.81,9.44,1.04,0.5128,37,0.3955,81.2711,53.6794,35.8623,SG-23-B-05,SG-23,B,32.730000000000004,35.8495,1.34735,69.92685,6.3501,0.1744,6.524500000000001,SG-23-B,17,S. galapagense,SG,roy,SG23,SG-23,LA0528,y,SC,Ecuador,Galapagos_Islands,NA,-0.75,-90.31667,23,SA,235,1749,258,214,371,72,189,43
SG-23-C-04,SG,23,SG-23,C,04,roy,4,ripe,include,2020-08-06,9.41,8.38,1.12,0.3961,32,0.3504,79.9409,66.0998,36.2638,SG-23-C-04,SG-23,C,32.96885,32.731899999999996,9.181500000000002,74.88225,6.7745,0.9384,7.712899999999999,SG-23-C,17,S. galapagense,SG,roy,SG23,SG-23,LA0528,y,SC,Ecuador,Galapagos_Islands,NA,-0.75,-90.31667,23,SA,235,1749,258,214,371,72,189,43
SG-23-C-05,SG,23,SG-23,C,05,roy,4,ripe,include,2020-09-06,8.72,8.22,1.06,0.3504,32,0.4546,82.4826,58.391,38.3867,SG-23-C-05,SG-23,C,33.0322,34.843450000000004,1.7464,69.62205,5.2766,0.2523,5.5289,SG-23-C,17,S. galapagense,SG,roy,SG23,SG-23,LA0528,y,SC,Ecuador,Galapagos_Islands,NA,-0.75,-90.31667,23,SA,235,1749,258,214,371,72,189,43
SG-30-A-01,SG,30,SG-30,A,01,roy,4,ripe,include,2020-06-30,10.56,10.07,1.05,0.6538,38,0.41,78.6963,61.521,33.3264,SG-30-A-01,SG-30,A,28.745449999999998,28.577849999999998,5.6279,62.9512,6.4483,0.387,6.8353,SG-30-A,18,S. galapagense,SG,roy,SG30,SG-30,LA1044,y,SC,Ecuador,Galapagos_Islands,NA,-0.28444,-90.548330000000007,64,SA,241,1493,261,224,351,64,176,37
SG-30-A-05,SG,30,SG-30,A,05,roy,4,ripe,include,2020-08-05,11.07,10.27,1.08,0.6738,69,0.3474,78.3459,61.7897,35.8524,SG-30-A-05,SG-30,A,25.42035,28.0853,3.5841499999999997,57.089800000000004,3.8782,0.7641,4.6423000000000005,SG-30-A,18,S. galapagense,SG,roy,SG30,SG-30,LA1044,y,SC,Ecuador,Galapagos_Islands,NA,-0.28444,-90.548330000000007,64,SA,241,1493,261,224,351,64,176,37
SG-30-B-04,SG,30,SG-30,B,04,roy,4,ripe,include,2020-08-05,10.5,9.88,1.06,0.608,39,0.3776,77.6696,57.4394,34.8317,SG-30-B-04,SG-30,B,39.827,36.130300000000005,5.29415,81.25145,6.5134,0.4936,7.007,SG-30-B,18,S. galapagense,SG,roy,SG30,SG-30,LA1044,y,SC,Ecuador,Galapagos_Islands,NA,-0.28444,-90.548330000000007,64,SA,241,1493,261,224,351,64,176,37
SG-30-B-05,SG,30,SG-30,B,05,roy,4,ripe,include,2020-08-05,11.12,10.38,1.07,0.7099,42,0.362,76.2802,55.0345,33.3377,SG-30-B-05,SG-30,B,37.6739,36.269099999999995,19.67275,93.61574999999999,5.1178,0.2743,5.3921,SG-30-B,18,S. galapagense,SG,roy,SG30,SG-30,LA1044,y,SC,Ecuador,Galapagos_Islands,NA,-0.28444,-90.548330000000007,64,SA,241,1493,261,224,351,64,176,37
SG-30-C-04,SG,30,SG-30,C,04,roy,4,ripe,include,2020-07-27,11.34,10.13,1.12,0.7203,69,0.2969,81.3454,64.3242,37.5691,SG-30-C-04,SG-30,C,21.75415,24.7546,3.0285,49.53725,12.8958,1.1577,14.0535,SG-30-C,18,S. galapagense,SG,roy,SG30,SG-30,LA1044,y,SC,Ecuador,Galapagos_Islands,NA,-0.28444,-90.548330000000007,64,SA,241,1493,261,224,351,64,176,37
SG-30-C-05,SG,30,SG-30,C,05,roy,4,ripe,include,2020-08-28,11.07,10.92,1.01,0.7789,52,0.408,93.0028,42.5626,31.3429,SG-30-C-05,SG-30,C,47.051050000000004,32.3024,3.42745,82.7809,4.0932,0.318,4.4112,SG-30-C,18,S. galapagense,SG,roy,SG30,SG-30,LA1044,y,SC,Ecuador,Galapagos_Islands,NA,-0.28444,-90.548330000000007,64,SA,241,1493,261,224,351,64,176,37
SH-01-A-03,SH,01,SH-01,A,03,grn,12,ripe,include,2020-09-12,14.98,12.82,1.17,1.5531,24,0.3716,82.6893,81.1265,11.6226,SH-01-A-03,SH-01,A,0.45415,10.35745,37.20855,48.02015,4.1916,0.9957,5.1873000000000005,SH-01-A,19,S. habrochaites,SH,grn,SH1,SH-01,LA2329,y,SI,Peru,La Libertad,NA,-7.820278,-77.712778,2450,SA,135,723,142,124,823,64,365,38
SH-01-A-04,SH,01,SH-01,A,04,grn,12,ripe,include,2020-09-12,17.91,14.94,1.2,2.5349,52,0.37,85.4794,80.056,11.1909,SH-01-A-04,SH-01,A,0.53615,10.22845,40.8358,51.6004,9.224,1.9639,11.1879,SH-01-A,19,S. habrochaites,SH,grn,SH1,SH-01,LA2329,y,SI,Peru,La Libertad,NA,-7.820278,-77.712778,2450,SA,135,723,142,124,823,64,365,38
SH-01-B-01,SH,01,SH-01,B,01,grn,12,ripe,include,2020-09-01,22.07,18.27,1.21,4.6738,49,0.3685,83.8792,100.0658,15.7889,SH-01-B-01,SH-01,B,0.97725,10.453,78.92075,90.351,8.2397,1.2072,9.4469,SH-01-B,19,S. habrochaites,SH,grn,SH1,SH-01,LA2329,y,SI,Peru,La Libertad,NA,-7.820278,-77.712778,2450,SA,135,723,142,124,823,64,365,38
SH-01-B-03,SH,01,SH-01,B,03,grn,12,ripe,include,2020-09-12,21.39,17.81,1.2,4.3399,59,0.3376,89.4209,93.6209,15.2803,SH-01-B-03,SH-01,B,1.3771499999999999,7.8116,59.49195,68.6807,3.7801,1.1342,4.9143,SH-01-B,19,S. habrochaites,SH,grn,SH1,SH-01,LA2329,y,SI,Peru,La Libertad,NA,-7.820278,-77.712778,2450,SA,135,723,142,124,823,64,365,38
SH-01-C-04,SH,01,SH-01,C,04,grn,12,ripe,include,2020-08-11,23.49,19.81,1.19,5.4888,107,0.2873,84.6509,111.6329,18.5175,SH-01-C-04,SH-01,C,0.7645,8.47425,18.9241,28.16285,8.9102,1.9013,10.811499999999999,SH-01-C,19,S. habrochaites,SH,grn,SH1,SH-01,LA2329,y,SI,Peru,La Libertad,NA,-7.820278,-77.712778,2450,SA,135,723,142,124,823,64,365,38
SH-01-C-06,SH,01,SH-01,C,06,grn,12,ripe,include,2020-08-28,20.61,18.43,1.12,4.4192,63,0.2718,70.9173,106.8791,12.8282,SH-01-C-06,SH-01,C,1.42015,4.5019,71.48485,77.4069,5.6934,0.6385,6.331899999999999,SH-01-C,19,S. habrochaites,SH,grn,SH1,SH-01,LA2329,y,SI,Peru,La Libertad,NA,-7.820278,-77.712778,2450,SA,135,723,142,124,823,64,365,38
SH-02-A-01,SH,02,SH-02,A,01,grn,12,ripe,include,2020-09-01,15.53,13.63,1.14,1.7882,48,0.3715,76.8493,110.9206,19.5024,SH-02-A-01,SH-02,A,3.04125,8.87815,20.7855,32.704899999999995,4.4589,0.8742,5.3331,SH-02-A,20,S. habrochaites,SH,grn,SH2,SH-02,LA2098,NA,SC,Ecuador,Loja,NA,-4.365833,-79.812778,700,NA,227,365,231,221,995,112,688,16
SH-02-A-04,SH,02,SH-02,A,04,grn,12,ripe,include,2020-09-15,13.13,12.13,1.08,1.0849,38,0.3598,69.7603,114.8076,16.0023,SH-02-A-04,SH-02,A,0.9731,2.1058500000000002,7.8863,10.965250000000001,0.9937,0.2054,1.1991,SH-02-A,20,S. habrochaites,SH,grn,SH2,SH-02,LA2098,NA,SC,Ecuador,Loja,NA,-4.365833,-79.812778,700,NA,227,365,231,221,995,112,688,16
SH-02-B-06,SH,02,SH-02,B,06,grn,12,unripe,include,2020-09-01,12.73,10.64,1.2,0.9186,19,0.4068,88.9947,102.1291,14.03,SH-02-B-06,SH-02,B,5.0167,11.453700000000001,5.9664,22.4368,5.8482,0.9139,6.7621,SH-02-B,20,S. habrochaites,SH,grn,SH2,SH-02,LA2098,NA,SC,Ecuador,Loja,NA,-4.365833,-79.812778,700,NA,227,365,231,221,995,112,688,16
SH-02-B-08,SH,02,SH-02,B,08,grn,12,ripe,include,2020-09-08,13.17,11.45,1.15,1.0766,40,0.26,83.0778,108.1924,16.1712,SH-02-B-08,SH-02,B,2.1500500000000002,5.910349999999999,5.4491,13.5095,2.4773,0.5324,3.0097,SH-02-B,20,S. habrochaites,SH,grn,SH2,SH-02,LA2098,NA,SC,Ecuador,Loja,NA,-4.365833,-79.812778,700,NA,227,365,231,221,995,112,688,16
SH-02-C-01,SH,02,SH-02,C,01,grn,12,unripe,include,2020-08-26,13.11,11.64,1.13,1.0449,46,0.3115,77.3296,111.366,17.5024,SH-02-C-01,SH-02,C,3.6591500000000003,7.0075,4.96645,15.6331,10.7105,1.6198,12.3303,SH-02-C,20,S. habrochaites,SH,grn,SH2,SH-02,LA2098,NA,SC,Ecuador,Loja,NA,-4.365833,-79.812778,700,NA,227,365,231,221,995,112,688,16
SH-02-C-03,SH,02,SH-02,C,03,grn,12,ripe,include,2020-09-15,13.28,11.85,1.12,1.1134,41,0.2938,75.1859,112.9492,16.6056,SH-02-C-03,SH-02,C,0.7945,1.5236999999999998,17.44005,19.75825,19.1276,0.5259,19.6535,SH-02-C,20,S. habrochaites,SH,grn,SH2,SH-02,LA2098,NA,SC,Ecuador,Loja,NA,-4.365833,-79.812778,700,NA,227,365,231,221,995,112,688,16
SH-05-A-02,SH,05,SH-05,A,02,grn,12,ripe,include,2020-09-01,15.82,13.79,1.15,1.8574,39,0.3574,94.4903,100.0393,13.4143,SH-05-A-02,SH-05,A,5.9496,9.43365,61.945350000000005,77.32860000000001,11.2943,1.7816,13.0759,SH-05-A,21,S. habrochaites,SH,grn,SH5,SH-05,LA2409,y,SC,Peru,Lima,NA,-12.28944,-75.8075,3000,SA,74,969,84,59,682,94,420,11
SH-05-A-04,SH,05,SH-05,A,04,grn,12,ripe,include,2020-09-08,16.34,14.55,1.12,2.1255,34,0.371,97.0299,98.4876,14.3138,SH-05-A-04,SH-05,A,4.25915,8.143650000000001,71.89465000000001,84.29745000000001,5.5155,1.2819,6.7974000000000006,SH-05-A,21,S. habrochaites,SH,grn,SH5,SH-05,LA2409,y,SC,Peru,Lima,NA,-12.28944,-75.8075,3000,SA,74,969,84,59,682,94,420,11
SH-05-B-02,SH,05,SH-05,B,02,grn,12,ripe,include,2020-09-15,12.87,11.21,1.15,1.0362,40,0.4491,84.7167,98.2652,12.6282,SH-05-B-02,SH-05,B,6.23915,11.14425,28.99825,46.38165,3.8271,1.0112,4.8383,SH-05-B,21,S. habrochaites,SH,grn,SH5,SH-05,LA2409,y,SC,Peru,Lima,NA,-12.28944,-75.8075,3000,SA,74,969,84,59,682,94,420,11
SH-05-B-03,SH,05,SH-05,B,03,grn,12,unripe,include,2020-09-15,9.71,9.12,1.06,0.3514,40,0.3777,89.2489,88.1095,15.7608,SH-05-B-03,SH-05,B,2.5552,6.6536,5.91855,15.12735,5.188,1.9738,7.1617999999999995,SH-05-B,21,S. habrochaites,SH,grn,SH5,SH-05,LA2409,y,SC,Peru,Lima,NA,-12.28944,-75.8075,3000,SA,74,969,84,59,682,94,420,11
SH-05-C-04,SH,05,SH-05,C,04,grn,12,ripe,include,2020-09-08,16.69,13.95,1.2,2.0469,85,0.2752,86.1467,108.6101,16.5211,SH-05-C-04,SH-05,C,10.5033,14.149149999999999,27.103499999999997,51.75595,11.9905,1.8459,13.836400000000001,SH-05-C,21,S. habrochaites,SH,grn,SH5,SH-05,LA2409,y,SC,Peru,Lima,NA,-12.28944,-75.8075,3000,SA,74,969,84,59,682,94,420,11
SH-05-C-05,SH,05,SH-05,C,05,grn,12,ripe,include,2020-09-12,15.41,13.32,1.16,1.6572,41,0.4041,90.3547,85.2842,11.6811,SH-05-C-05,SH-05,C,9.7244,17.43075,35.03115,62.186299999999996,9.0101,1.3633,10.3734,SH-05-C,21,S. habrochaites,SH,grn,SH5,SH-05,LA2409,y,SC,Peru,Lima,NA,-12.28944,-75.8075,3000,SA,74,969,84,59,682,94,420,11
SHY-01-B-01,SHY,01,SHY-01,B,01,grn,8,ripe,include,2020-08-26,13.51,13.76,0.98,1.2819,57,0.3908,92.6799,58.3217,8.4149,SHY-01-B-01,SHY-01,B,1.3682500000000002,9.27085,12.025300000000001,22.6644,2.938,2.3782,5.3162,SHY-01-B,22,S. huaylasense,SHY,grn,SHY1,SHY-01,LA1358,NA,SI,Peru,Ancash,NA,-9.533333,-77.966667,750,NA,181,1526,201,163,67,101,47,3
SHY-01-B-07,SHY,01,SHY-01,B,07,grn,8,ripe,include,2020-09-08,13.13,13.73,0.96,1.3542,68,0.3896,81.6613,41.0402,8.413,SHY-01-B-07,SHY-01,B,1.47275,9.4718,23.3084,34.25295,0.6224,0.2827,0.9051,SHY-01-B,22,S. huaylasense,SHY,grn,SHY1,SHY-01,LA1358,NA,SI,Peru,Ancash,NA,-9.533333,-77.966667,750,NA,181,1526,201,163,67,101,47,3
SHY-01-C-03,SHY,01,SHY-01,C,03,grn,8,ripe,include,2020-09-15,14.61,13.76,1.06,1.6245,62,0.372,97.4017,87.4232,12.0604,SHY-01-C-03,SHY-01,C,3.42585,31.671,25.1331,60.229949999999995,1.2238,1.4306,2.6544,SHY-01-C,22,S. huaylasense,SHY,grn,SHY1,SHY-01,LA1358,NA,SI,Peru,Ancash,NA,-9.533333,-77.966667,750,NA,181,1526,201,163,67,101,47,3
SHY-01-C-04,SHY,01,SHY-01,C,04,grn,8,ripe,include,2020-09-15,12.99,12.47,1.04,1.1234,31,0.3586,87.2375,84.888,13.2463,SHY-01-C-04,SHY-01,C,2.8977500000000003,15.4004,23.9812,42.27935,2.0444,1.4135,3.4579,SHY-01-C,22,S. huaylasense,SHY,grn,SHY1,SHY-01,LA1358,NA,SI,Peru,Ancash,NA,-9.533333,-77.966667,750,NA,181,1526,201,163,67,101,47,3
SHY-02-A-03,SHY,02,SHY-02,A,03,grn,8,ripe,include,2020-08-20,13.02,11.31,1.15,1.0866,53,0.4065,88.8919,94.4684,13.1261,SHY-02-A-03,SHY-02,A,2.14875,7.75765,42.03789999999999,51.94429999999999,1.1451,5.3702,6.5153,SHY-02-A,23,S. huaylasense,SHY,grn,SHY2,SHY-02,LA2809,NA,SI,Peru,Ancash,NA,-8.866667,-77.9,2716,NA,139,739,147,128,325,80,182,7
SHY-02-A-06,SHY,02,SHY-02,A,06,grn,8,ripe,include,2020-09-01,11.92,10.19,1.17,0.7962,35,0.3467,78.9636,86.4423,11.2256,SHY-02-A-06,SHY-02,A,2.1305,7.2808,41.3267,50.738,2.3035,5.9925,8.296,SHY-02-A,23,S. huaylasense,SHY,grn,SHY2,SHY-02,LA2809,NA,SI,Peru,Ancash,NA,-8.866667,-77.9,2716,NA,139,739,147,128,325,80,182,7
SHY-02-B-04,SHY,02,SHY-02,B,04,grn,8,ripe,include,2020-08-13,17.69,15.13,1.17,2.4691,135,0.3703,83.1341,91.9808,17.3988,SHY-02-B-04,SHY-02,B,5.54615,29.14845,104.8198,139.5144,0.7036,2.7119,3.4154999999999998,SHY-02-B,23,S. huaylasense,SHY,grn,SHY2,SHY-02,LA2809,NA,SI,Peru,Ancash,NA,-8.866667,-77.9,2716,NA,139,739,147,128,325,80,182,7
SHY-02-B-05,SHY,02,SHY-02,B,05,grn,8,ripe,include,2020-08-20,16.35,13.81,1.18,1.9437,85,0.3882,87.8556,95.2836,18.033,SHY-02-B-05,SHY-02,B,3.45305,27.581049999999998,68.7795,99.8136,2.3563,3.3802,5.7364999999999995,SHY-02-B,23,S. huaylasense,SHY,grn,SHY2,SHY-02,LA2809,NA,SI,Peru,Ancash,NA,-8.866667,-77.9,2716,NA,139,739,147,128,325,80,182,7
SHY-02-C-01,SHY,02,SHY-02,C,01,grn,8,ripe,include,2020-09-15,15.09,14.37,1.05,1.6775,48,0.3419,110.5698,89.8566,10.67,SHY-02-C-01,SHY-02,C,0.1992,3.19885,15.652249999999999,19.0503,2.6331,1.1126,3.7457000000000003,SHY-02-C,23,S. huaylasense,SHY,grn,SHY2,SHY-02,LA2809,NA,SI,Peru,Ancash,NA,-8.866667,-77.9,2716,NA,139,739,147,128,325,80,182,7
SHY-02-C-02,SHY,02,SHY-02,C,02,grn,8,unripe,include,2020-09-15,12.73,12.51,1.02,1.0778,48,0.4068,103.4014,95.2028,13.1983,SHY-02-C-02,SHY-02,C,0.2536,2.585,29.45245,32.29105,2.7252,1.433,4.1582,SHY-02-C,23,S. huaylasense,SHY,grn,SHY2,SHY-02,LA2809,NA,SI,Peru,Ancash,NA,-8.866667,-77.9,2716,NA,139,739,147,128,325,80,182,7
SHY-03-A-01,SHY,03,SHY-03,A,01,grn,8,unripe,include,2020-07-22,19.43,14.65,1.33,2.8316,173,0.3549,89.1349,93.7186,13.0847,SHY-03-A-01,SHY-03,A,8.9718,18.220399999999998,9.5373,36.7295,5.1462,2.9245,8.0707,SHY-03-A,24,S. huaylasense,SHY,grn,SHY3,SHY-03,LA1365,NA,SI,Peru,Ancash,NA,-10.15,-77.416667,2450,NA,133,746,140,121,335,136,264,1
SHY-03-A-05,SHY,03,SHY-03,A,05,grn,8,ripe,include,2020-09-05,17.61,13.55,1.3,2.2719,132,0.4459,87.6873,91.4489,13.1585,SHY-03-A-05,SHY-03,A,6.1844,31.784950000000002,12.6064,50.575750000000006,3.352,0.8773,4.2293,SHY-03-A,24,S. huaylasense,SHY,grn,SHY3,SHY-03,LA1365,NA,SI,Peru,Ancash,NA,-10.15,-77.416667,2450,NA,133,746,140,121,335,136,264,1
SHY-03-B-02,SHY,03,SHY-03,B,02,grn,8,ripe,include,2020-07-30,19.22,16.06,1.2,3.0986,150,0.3698,86.2077,92.4402,16.5568,SHY-03-B-02,SHY-03,B,8.379000000000001,38.031099999999995,26.70305,73.11315,6.0596,3.3216,9.3812,SHY-03-B,24,S. huaylasense,SHY,grn,SHY3,SHY-03,LA1365,NA,SI,Peru,Ancash,NA,-10.15,-77.416667,2450,NA,133,746,140,121,335,136,264,1
SHY-03-C-01,SHY,03,SHY-03,C,01,grn,8,ripe,include,2020-07-30,18.58,15.06,1.23,2.5498,167,0.2897,86.2163,77.4174,16.9961,SHY-03-C-01,SHY-03,C,2.8611500000000003,7.72545,96.90105,107.48765,1.5554,0.3186,1.8739999999999999,SHY-03-C,24,S. huaylasense,SHY,grn,SHY3,SHY-03,LA1365,NA,SI,Peru,Ancash,NA,-10.15,-77.416667,2450,NA,133,746,140,121,335,136,264,1
SHY-03-C-02,SHY,03,SHY-03,C,02,grn,8,ripe,include,2020-07-30,19.42,14.43,1.35,2.6958,153,0.3864,85.6229,86.4519,14.5699,SHY-03-C-02,SHY-03,C,4.026949999999999,12.7686,124.435,141.23055,1.2014,0.3392,1.5406,SHY-03-C,24,S. huaylasense,SHY,grn,SHY3,SHY-03,LA1365,NA,SI,Peru,Ancash,NA,-10.15,-77.416667,2450,NA,133,746,140,121,335,136,264,1
SL-AC-A-03,SL,AC,SL-AC,A,03,roy,1,ripe,include,2020-08-14,45.42,39.99,1.14,45.2532,58,0.3804,86.2887,54.8296,31.3206,SL-AC-A-03,SL-AC,A,15.69985,16.8286,0.4667,32.99515,2.8541,0.2725,3.1266,SL-AC-A,NA,NA,NA,NA,NA,NA,NA,NA,NA,NA,NA,NA,NA,NA,NA,NA,NA,NA,NA,NA,NA,NA,NA,NA
SL-AC-A-05,SL,AC,SL-AC,A,05,roy,1,ripe,include,2020-09-13,42.47,39.27,1.08,39.8299,107,0.3961,78.5927,43.5718,31.6755,SL-AC-A-05,SL-AC,A,15.53055,18.477200000000003,1.6553499999999999,35.6631,2.8417,0.2356,3.0772999999999997,SL-AC-A,NA,NA,NA,NA,NA,NA,NA,NA,NA,NA,NA,NA,NA,NA,NA,NA,NA,NA,NA,NA,NA,NA,NA,NA
SL-AC-B-04,SL,AC,SL-AC,B,04,roy,1,ripe,include,2020-08-14,52.02,43.98,1.18,68.44,212,0.4107,87.7729,46.1356,33.5954,SL-AC-B-04,SL-AC,B,19.15485,20.619950000000003,0.0414,39.8162,5.176,0.5643,5.7403,SL-AC-B,NA,NA,NA,NA,NA,NA,NA,NA,NA,NA,NA,NA,NA,NA,NA,NA,NA,NA,NA,NA,NA,NA,NA,NA
SL-AC-B-05,SL,AC,SL-AC,B,05,roy,1,ripe,include,2020-09-13,42.35,39.08,1.08,40.3245,117,0.3488,83.5047,42.4903,36.2809,SL-AC-B-05,SL-AC,B,18.898899999999998,18.529899999999998,0.5956,38.02439999999999,4.3471,0.5769,4.924,SL-AC-B,NA,NA,NA,NA,NA,NA,NA,NA,NA,NA,NA,NA,NA,NA,NA,NA,NA,NA,NA,NA,NA,NA,NA,NA
SL-AC-C-04,SL,AC,SL-AC,C,04,roy,1,ripe,include,2020-08-14,49.45,41.96,1.18,57.9224,115,0.3799,83.6847,37.3146,33.0314,SL-AC-C-04,SL-AC,C,21.973950000000002,21.7063,3.05415,46.7344,3.0971,0.5166,3.6137,SL-AC-C,NA,NA,NA,NA,NA,NA,NA,NA,NA,NA,NA,NA,NA,NA,NA,NA,NA,NA,NA,NA,NA,NA,NA,NA
SL-AC-C-05,SL,AC,SL-AC,C,05,roy,1,ripe,include,2020-09-13,42.86,40.23,1.07,42.6701,93,0.4114,78.9124,35.7109,32.4605,SL-AC-C-05,SL-AC,C,27.92935,25.24845,2.99165,56.16945,2.9952,0.4914,3.4866,SL-AC-C,NA,NA,NA,NA,NA,NA,NA,NA,NA,NA,NA,NA,NA,NA,NA,NA,NA,NA,NA,NA,NA,NA,NA,NA
SL-GD-A-02,SL,GD,SL-GD,A,02,roy,1,ripe,include,2020-07-14,28.63,26.58,1.08,12.1541,48,0.3983,80.9156,58.5444,36.9721,SL-GD-A-02,SL-GD,A,32.05955,33.544799999999995,14.4422,80.04655,4.5038,0.4974,5.0012,SL-GD-A,NA,NA,NA,NA,NA,NA,NA,NA,NA,NA,NA,NA,NA,NA,NA,NA,NA,NA,NA,NA,NA,NA,NA,NA
SL-GD-A-03,SL,GD,SL-GD,A,03,roy,1,ripe,include,2020-07-14,28.75,26.64,1.08,12.4229,55,0.4288,81.2931,57.2703,37.9241,SL-GD-A-03,SL-GD,A,26.80895,25.520249999999997,0.7508,53.08,4.4859,0.4083,4.8942,SL-GD-A,NA,NA,NA,NA,NA,NA,NA,NA,NA,NA,NA,NA,NA,NA,NA,NA,NA,NA,NA,NA,NA,NA,NA,NA
SL-GD-B-03,SL,GD,SL-GD,B,03,roy,1,ripe,include,2020-07-08,30.21,27.46,1.1,13.5771,51,0.3824,79.8238,43.0052,34.1133,SL-GD-B-03,SL-GD,B,27.54825,26.4471,1.27285,55.2682,3.4717,0.1326,3.6043,SL-GD-B,NA,NA,NA,NA,NA,NA,NA,NA,NA,NA,NA,NA,NA,NA,NA,NA,NA,NA,NA,NA,NA,NA,NA,NA
SL-GD-B-05,SL,GD,SL-GD,B,05,roy,1,ripe,include,2020-08-14,30.58,29.24,1.05,15.4236,47,0.4132,85.4561,44.912,34.8027,SL-GD-B-05,SL-GD,B,44.01545,24.84655,13.522599999999999,82.38459999999999,3.5235,0.3331,3.8566,SL-GD-B,NA,NA,NA,NA,NA,NA,NA,NA,NA,NA,NA,NA,NA,NA,NA,NA,NA,NA,NA,NA,NA,NA,NA,NA
SL-GD-C-01,SL,GD,SL-GD,C,01,roy,1,ripe,include,2020-06-16,24,21.83,1.1,7.2237,18,0.4438,83.0859,52.8184,38.317,SL-GD-C-01,SL-GD,C,37.1301,37.65845,10.10885,84.8974,5.2415,0.3709,5.6124,SL-GD-C,NA,NA,NA,NA,NA,NA,NA,NA,NA,NA,NA,NA,NA,NA,NA,NA,NA,NA,NA,NA,NA,NA,NA,NA
SL-GD-C-05,SL,GD,SL-GD,C,05,roy,1,ripe,include,2020-08-14,29.81,27.26,1.09,13.5637,46,0.4427,84.0492,50.2296,32.1988,SL-GD-C-05,SL-GD,C,29.63895,29.009749999999997,0.72235,59.37105,4.2654,0.3093,4.5747,SL-GD-C,NA,NA,NA,NA,NA,NA,NA,NA,NA,NA,NA,NA,NA,NA,NA,NA,NA,NA,NA,NA,NA,NA,NA,NA
SL-SK-A-01,SL,SK,SL-SK,A,01,roy,1,ripe,include,2020-06-23,34.32,30.31,1.13,20.2825,110,0.4128,74.6428,36.1387,28.0883,SL-SK-A-01,SL-SK,A,31.13765,32.32255,26.9384,90.3986,4.5207,0.3315,4.8522,SL-SK-A,NA,NA,NA,NA,NA,NA,NA,NA,NA,NA,NA,NA,NA,NA,NA,NA,NA,NA,NA,NA,NA,NA,NA,NA
SL-SK-A-04,SL,SK,SL-SK,A,04,roy,1,ripe,include,2020-08-14,37.38,35.62,1.05,28.5851,118,0.3815,79.2535,30.8344,29.9466,SL-SK-A-04,SL-SK,A,41.611599999999996,37.0389,31.769,110.4195,2.8791,0.2995,3.1786000000000003,SL-SK-A,NA,NA,NA,NA,NA,NA,NA,NA,NA,NA,NA,NA,NA,NA,NA,NA,NA,NA,NA,NA,NA,NA,NA,NA
SL-SK-B-01,SL,SK,SL-SK,B,01,roy,1,ripe,include,2020-06-09,36.34,31.32,1.16,22.5659,103,0.3969,77.4651,34.506100000000004,34.7422,SL-SK-B-01,SL-SK,B,31.53615,35.9092,10.94825,78.39359999999999,2.9894,0.1624,3.1517999999999997,SL-SK-B,NA,NA,NA,NA,NA,NA,NA,NA,NA,NA,NA,NA,NA,NA,NA,NA,NA,NA,NA,NA,NA,NA,NA,NA
SL-SK-B-05,SL,SK,SL-SK,B,05,roy,1,ripe,include,2020-09-13,28.67,27.38,1.05,12.8433,71,0.4425,76.2127,36.332,31.3482,SL-SK-B-05,SL-SK,B,26.01775,26.73625,3.5825500000000003,56.336549999999995,4.2148,0.4813,4.6961,SL-SK-B,NA,NA,NA,NA,NA,NA,NA,NA,NA,NA,NA,NA,NA,NA,NA,NA,NA,NA,NA,NA,NA,NA,NA,NA
SL-SK-C-04,SL,SK,SL-SK,C,04,roy,1,ripe,include,2020-08-14,31.81,30.51,1.04,18.2592,94,0.4129,80.7183,34.9989,30.4938,SL-SK-C-04,SL-SK,C,28.78805,27.989800000000002,1.6338,58.41165,6.1283,0.3445,6.4728,SL-SK-C,NA,NA,NA,NA,NA,NA,NA,NA,NA,NA,NA,NA,NA,NA,NA,NA,NA,NA,NA,NA,NA,NA,NA,NA
SL-SK-C-05,SL,SK,SL-SK,C,05,roy,1,ripe,include,2020-09-13,29.61,28.35,1.04,13.9716,77,0.4426,79.0504,41.1805,33.2717,SL-SK-C-05,SL-SK,C,25.4236,26.1484,1.7723,53.344300000000004,3.4649,0.2378,3.7027,SL-SK-C,NA,NA,NA,NA,NA,NA,NA,NA,NA,NA,NA,NA,NA,NA,NA,NA,NA,NA,NA,NA,NA,NA,NA,NA
SLC-10-A-01,SLC,10,SLC-10,A,01,roy,1.5,ripe,include,2020-06-23,20.22,17.34,1.17,4.0314,100,0.289,79.2435,36.6898,36.3644,SLC-10-A-01,SLC-10,A,16.5657,19.36065,3.10705,39.0334,4.0682,0.1279,4.1961,SLC-10-A,27,S. lycopersicum var. cerasiforme,SLC,roy,SLC10,SLC-10,LA1425,y,SC,Colombia,Cauca,NA,3.636389,-76.673889,1500,HU,226,327,230,221,1198,38,446,188
SLC-10-A-03,SLC,10,SLC-10,A,03,roy,1.5,ripe,include,2020-07-22,17.82,17.16,1.04,3.1917,29,0.3226,72.5124,33.518,31.9241,SLC-10-A-03,SLC-10,A,12.07995,17.683999999999997,0.93735,30.701299999999996,3.2914,0.3702,3.6616,SLC-10-A,27,S. lycopersicum var. cerasiforme,SLC,roy,SLC10,SLC-10,LA1425,y,SC,Colombia,Cauca,NA,3.636389,-76.673889,1500,HU,226,327,230,221,1198,38,446,188
SLC-10-B-03,SLC,10,SLC-10,B,03,roy,1.5,ripe,include,2020-07-08,20.28,18.1,1.12,3.8992,79,0.2889,68.5404,32.2832,29.9745,SLC-10-B-03,SLC-10,B,9.3507,11.50985,0.4667,21.32725,3.2664,0.1465,3.4129,SLC-10-B,27,S. lycopersicum var. cerasiforme,SLC,roy,SLC10,SLC-10,LA1425,y,SC,Colombia,Cauca,NA,3.636389,-76.673889,1500,HU,226,327,230,221,1198,38,446,188
SLC-10-B-04,SLC,10,SLC-10,B,04,roy,1.5,ripe,include,2020-07-23,19.99,18.18,1.1,3.8812,48,0.3222,78.0298,38.0305,34.892,SLC-10-B-04,SLC-10,B,16.5875,22.0332,2.19035,40.81105,2.5001,0.3273,2.8274000000000004,SLC-10-B,27,S. lycopersicum var. cerasiforme,SLC,roy,SLC10,SLC-10,LA1425,y,SC,Colombia,Cauca,NA,3.636389,-76.673889,1500,HU,226,327,230,221,1198,38,446,188
SLC-10-C-01,SLC,10,SLC-10,C,01,roy,1.5,ripe,include,2020-06-23,19.64,16.6,1.18,3.5902,68,0.289,78.1493,36.9753,36.0023,SLC-10-C-01,SLC-10,C,14.867750000000001,16.5534,0.23515,31.6563,4.7646,0.2856,5.050199999999999,SLC-10-C,27,S. lycopersicum var. cerasiforme,SLC,roy,SLC10,SLC-10,LA1425,y,SC,Colombia,Cauca,NA,3.636389,-76.673889,1500,HU,226,327,230,221,1198,38,446,188
SLC-10-C-04,SLC,10,SLC-10,C,04,roy,1.5,ripe,include,2020-07-23,18.21,16.83,1.08,3.0476,32,0.3228,74.8236,34.1584,34.2648,SLC-10-C-04,SLC-10,C,14.6013,17.069200000000002,0.8767,32.547200000000004,4.2552,-0.0017,4.253500000000001,SLC-10-C,27,S. lycopersicum var. cerasiforme,SLC,roy,SLC10,SLC-10,LA1425,y,SC,Colombia,Cauca,NA,3.636389,-76.673889,1500,HU,226,327,230,221,1198,38,446,188
SLC-B5-A-01,SLC,B5,SLC-B5,A,01,roy,1.5,ripe,include,2020-07-10,23.13,21.2,1.09,6.2508,55,0.3039,71.9008,28.655,31.0431,SLC-B5-A-01,SLC-B5,A,8.4905,9.8096,0.8749,19.175,6.1351,0.6423,6.7774,SLC-B5-A,25,S. lycopersicum var. cerasiforme,SLC,roy,SLC-B5,SLC-B5,BGV006859,y,SC,Ecuador,Pastaza,SLC ECU,-1.723888889,-77.88055556,761,HU,219,386,222,212,4043,13,1162,886
SLC-B5-A-05,SLC,B5,SLC-B5,A,05,roy,1.5,ripe,include,2020-07-17,21.61,19.04,1.13,5.1346,24,0.3536,70.0636,28.15,29.8734,SLC-B5-A-05,SLC-B5,A,17.20685,20.874499999999998,0.98105,39.062400000000004,4.3058,0.4425,4.7482999999999995,SLC-B5-A,25,S. lycopersicum var. cerasiforme,SLC,roy,SLC-B5,SLC-B5,BGV006859,y,SC,Ecuador,Pastaza,SLC ECU,-1.723888889,-77.88055556,761,HU,219,386,222,212,4043,13,1162,886
SLC-B5-B-02,SLC,B5,SLC-B5,B,02,roy,1.5,ripe,include,2020-07-17,24.61,22.83,1.08,7.7684,68,0.32,72.7545,28.3007,30.6994,SLC-B5-B-02,SLC-B5,B,13.6753,15.252600000000001,0.47795,29.40585,6.3545,0.2657,6.6202,SLC-B5-B,25,S. lycopersicum var. cerasiforme,SLC,roy,SLC-B5,SLC-B5,BGV006859,y,SC,Ecuador,Pastaza,SLC ECU,-1.723888889,-77.88055556,761,HU,219,386,222,212,4043,13,1162,886
SLC-B5-B-05,SLC,B5,SLC-B5,B,05,roy,1.5,ripe,include,2020-09-06,25.67,23.52,1.09,8.6302,100,0.2862,72.9632,28.4248,30.4746,SLC-B5-B-05,SLC-B5,B,19.648600000000002,19.82505,0,39.473650000000006,3.5456,0.2668,3.8124,SLC-B5-B,25,S. lycopersicum var. cerasiforme,SLC,roy,SLC-B5,SLC-B5,BGV006859,y,SC,Ecuador,Pastaza,SLC ECU,-1.723888889,-77.88055556,761,HU,219,386,222,212,4043,13,1162,886
SLC-B5-C-01,SLC,B5,SLC-B5,C,01,roy,1.5,ripe,include,2020-06-16,20.95,18.86,1.11,4.6616,80,0.3217,74.2574,29.6244,35.225,SLC-B5-C-01,SLC-B5,C,16.0471,19.170450000000002,3.08345,38.301,8.1729,0.5432,8.7161,SLC-B5-C,25,S. lycopersicum var. cerasiforme,SLC,roy,SLC-B5,SLC-B5,BGV006859,y,SC,Ecuador,Pastaza,SLC ECU,-1.723888889,-77.88055556,761,HU,219,386,222,212,4043,13,1162,886
SLC-B5-C-02,SLC,B5,SLC-B5,C,02,roy,1.5,ripe,include,2020-06-19,19.26,17.87,1.08,3.767,48,0.289,76.7504,30.0677,37.1745,SLC-B5-C-02,SLC-B5,C,13.12135,18.7825,0.61935,32.523199999999996,2.3149,-0.0286,2.2863,SLC-B5-C,25,S. lycopersicum var. cerasiforme,SLC,roy,SLC-B5,SLC-B5,BGV006859,y,SC,Ecuador,Pastaza,SLC ECU,-1.723888889,-77.88055556,761,HU,219,386,222,212,4043,13,1162,886
SLC-B8-A-03,SLC,B8,SLC-B8,A,03,roy,1.5,ripe,include,2020-07-17,23.55,24.58,0.96,7.4818,68,0.3998,69.7924,31.4532,26.2091,SLC-B8-A-03,SLC-B8,A,15.56465,16.9206,2.3173,34.802550000000004,4.7107,0.0202,4.7309,SLC-B8-A,26,S. lycopersicum var. cerasiforme,SLC,roy,SLC-B8,SLC-B8,BGV008189,y,SC,Peru,Huanuco,SLC PER,-9.93387,-76.680762,3864,HU,76,688,82,65,847,60,373,43
SLC-B8-A-05,SLC,B8,SLC-B8,A,05,roy,1.5,ripe,include,2020-07-17,22.24,23.41,0.95,6.3447,62,0.3683,71.4481,33.598,30.6803,SLC-B8-A-05,SLC-B8,A,17.320050000000002,20.890700000000002,4.6342,42.844950000000004,4.5748,1.1856,5.7604,SLC-B8-A,26,S. lycopersicum var. cerasiforme,SLC,roy,SLC-B8,SLC-B8,BGV008189,y,SC,Peru,Huanuco,SLC PER,-9.93387,-76.680762,3864,HU,76,688,82,65,847,60,373,43
SLC-B8-B-04,SLC,B8,SLC-B8,B,04,roy,1.5,ripe,include,2020-07-14,24.06,26.98,0.89,8.7721,91,0.3525,77.0559,41.2086,32.5057,SLC-B8-B-04,SLC-B8,B,18.097450000000002,20.268250000000002,5.10875,43.474450000000004,3.6467,0.1939,3.8406000000000002,SLC-B8-B,26,S. lycopersicum var. cerasiforme,SLC,roy,SLC-B8,SLC-B8,BGV008189,y,SC,Peru,Huanuco,SLC PER,-9.93387,-76.680762,3864,HU,76,688,82,65,847,60,373,43
SLC-B8-B-05,SLC,B8,SLC-B8,B,05,roy,1.5,ripe,include,2020-07-14,21.95,25.4,0.86,7.1955,70,0.3848,70.8161,34.9862,29.0341,SLC-B8-B-05,SLC-B8,B,9.772,9.547699999999999,0.3748,19.694499999999998,5.2858,0.0949,5.3807,SLC-B8-B,26,S. lycopersicum var. cerasiforme,SLC,roy,SLC-B8,SLC-B8,BGV008189,y,SC,Peru,Huanuco,SLC PER,-9.93387,-76.680762,3864,HU,76,688,82,65,847,60,373,43
SLC-B8-C-04,SLC,B8,SLC-B8,C,04,roy,1.5,ripe,include,2020-07-23,23.82,23.28,1.02,7.3489,39,0.3203,76.0147,39.4958,33.6255,SLC-B8-C-04,SLC-B8,C,13.9347,14.908,2.7418,31.584500000000002,4.2696,0.1899,4.459499999999999,SLC-B8-C,26,S. lycopersicum var. cerasiforme,SLC,roy,SLC-B8,SLC-B8,BGV008189,y,SC,Peru,Huanuco,SLC PER,-9.93387,-76.680762,3864,HU,76,688,82,65,847,60,373,43
SLC-B8-C-05,SLC,B8,SLC-B8,C,05,roy,1.5,ripe,include,2020-07-23,28.29,25.52,1.11,11.4331,98,0.3189,76.7444,50.1127,28.8802,SLC-B8-C-05,SLC-B8,C,17.70445,18.91525,9.64615,46.26585,3.8523,0.1885,4.0408,SLC-B8-C,26,S. lycopersicum var. cerasiforme,SLC,roy,SLC-B8,SLC-B8,BGV008189,y,SC,Peru,Huanuco,SLC PER,-9.93387,-76.680762,3864,HU,76,688,82,65,847,60,373,43
SN-02-A-01,SN,02,SN-02,A,01,grn,7,ripe,include,2020-06-23,12.93,12.37,1.05,1.1023,78,0.295117,84.6405,104.7485,16.1166,SN-02-A-01,SN-02,A,2.95695,3.36285,59.3164,65.6362,3.9481,2.3554,6.3035,SN-02-A,33,S. neorickii,SN,grn,SN2,SN-02,LA1626,y,SC,Peru,Ancash,NA,-8.50833,-77.36667,1700,HU,162,711,169,151,655,61,290,36
SN-02-A-06,SN,02,SN-02,A,06,grn,7,ripe,include,2020-07-22,14.47,13.14,1.1,1.4695,100,0.2425,85.1584,98.7697,13.0775,SN-02-A-06,SN-02,A,6.45585,4.7442,102.2456,113.44565,1.7574,1.893,3.6504000000000003,SN-02-A,33,S. neorickii,SN,grn,SN2,SN-02,LA1626,y,SC,Peru,Ancash,NA,-8.50833,-77.36667,1700,HU,162,711,169,151,655,61,290,36
SN-02-B-05,SN,02,SN-02,B,05,grn,7,ripe,include,2020-08-05,13.37,12.09,1.11,1.1267,93,0.2275,93.801,107.0085,16.2549,SN-02-B-05,SN-02,B,2.64525,4.07295,6.78475,13.502949999999998,4.8736,5.9523,10.8259,SN-02-B,33,S. neorickii,SN,grn,SN2,SN-02,LA1626,y,SC,Peru,Ancash,NA,-8.50833,-77.36667,1700,HU,162,711,169,151,655,61,290,36
SN-02-B-06,SN,02,SN-02,B,06,grn,7,ripe,include,2020-08-05,13.88,12.39,1.12,1.3168,104,0.2438,94.6234,107.1104,16.6598,SN-02-B-06,SN-02,B,5.628299999999999,7.491,27.5974,40.7167,1.5429,1.4475,2.9904,SN-02-B,33,S. neorickii,SN,grn,SN2,SN-02,LA1626,y,SC,Peru,Ancash,NA,-8.50833,-77.36667,1700,HU,162,711,169,151,655,61,290,36
SN-02-C-04,SN,02,SN-02,C,04,grn,7,ripe,include,2020-07-10,13.15,12.97,1.01,1.1923,56,0.3586,84.4823,104.4143,16.2468,SN-02-C-04,SN-02,C,2.63855,3.23765,111.62075,117.49695,4.1173,2.8922,7.0095,SN-02-C,33,S. neorickii,SN,grn,SN2,SN-02,LA1626,y,SC,Peru,Ancash,NA,-8.50833,-77.36667,1700,HU,162,711,169,151,655,61,290,36
SN-02-C-05,SN,02,SN-02,C,05,grn,7,ripe,include,2020-07-10,12.42,12.1,1.03,1.0473,30,0.3446,85.6459,102.0135,14.3017,SN-02-C-05,SN-02,C,1.24045,1.7553,53.7686,56.76435,2.2296,1.1259,3.3555,SN-02-C,33,S. neorickii,SN,grn,SN2,SN-02,LA1626,y,SC,Peru,Ancash,NA,-8.50833,-77.36667,1700,HU,162,711,169,151,655,61,290,36
SN-06-A-01,SN,06,SN-06,A,01,grn,7,ripe,include,2020-07-22,13.76,12.1,1.14,1.1885,59,0.2775,84.5863,96.2188,13.3989,SN-06-A-01,SN-06,A,4.3336500000000004,2.7043,62.19145,69.2294,2.1588,1.1004,3.2592,SN-06-A,34,S. neorickii,SN,grn,SN6,SN-06,LA2133,y,SC,Ecuador,Azuay,NA,-3.4,-79.18333,1980,HU,134,419,138,127,587,51,255,59
SN-06-A-03,SN,06,SN-06,A,03,grn,7,ripe,include,2020-07-22,14.55,13.14,1.11,1.4699,89,0.2765,81.4354,95.2455,16.7064,SN-06-A-03,SN-06,A,6.08935,5.2074,52.4024,63.69915,2.3046,1.6288,3.9334000000000002,SN-06-A,34,S. neorickii,SN,grn,SN6,SN-06,LA2133,y,SC,Ecuador,Azuay,NA,-3.4,-79.18333,1980,HU,134,419,138,127,587,51,255,59
SN-06-B-04,SN,06,SN-06,B,04,grn,7,ripe,include,2020-08-13,13.57,11.97,1.13,1.1884,72,0.2944,84.7861,98.4837,14.6227,SN-06-B-04,SN-06,B,7.52045,6.62795,35.92245,50.07085,2.724,1.4842,4.2082,SN-06-B,34,S. neorickii,SN,grn,SN6,SN-06,LA2133,y,SC,Ecuador,Azuay,NA,-3.4,-79.18333,1980,HU,134,419,138,127,587,51,255,59
SN-06-B-06,SN,06,SN-06,B,06,grn,7,ripe,include,2020-09-05,12.46,11.22,1.11,0.9939,84,0.3283,77.1561,100.8348,11.9829,SN-06-B-06,SN-06,B,1.2424,0.8513,2.01515,4.10885,5.5943,1.7929,7.3872,SN-06-B,34,S. neorickii,SN,grn,SN6,SN-06,LA2133,y,SC,Ecuador,Azuay,NA,-3.4,-79.18333,1980,HU,134,419,138,127,587,51,255,59
SN-06-C-01,SN,06,SN-06,C,01,grn,7,ripe,include,2020-07-27,11.93,10.6,1.13,0.8225,58,0.375,71.9064,98.527,11.1272,SN-06-C-01,SN-06,C,3.2949,3.6474,4.9209499999999995,11.86325,2.9481,1.2106,4.1587,SN-06-C,34,S. neorickii,SN,grn,SN6,SN-06,LA2133,y,SC,Ecuador,Azuay,NA,-3.4,-79.18333,1980,HU,134,419,138,127,587,51,255,59
SN-06-C-02,SN,06,SN-06,C,02,grn,7,ripe,include,2020-07-27,13.03,11.38,1.14,1.0499,52,0.406,84.4794,104.1967,16.2631,SN-06-C-02,SN-06,C,5.19345,5.45405,25.8005,36.448,1.0555,0.3626,1.4181000000000001,SN-06-C,34,S. neorickii,SN,grn,SN6,SN-06,LA2133,y,SC,Ecuador,Azuay,NA,-3.4,-79.18333,1980,HU,134,419,138,127,587,51,255,59
SN-08-A-04,SN,08,SN-08,A,04,grn,7,ripe,include,2020-08-05,10.98,10.37,1.06,0.7133,53,0.2816,82.3299,105.3092,18.8916,SN-08-A-04,SN-08,A,5.1903500000000005,5.60985,39.1742,49.9744,1.3347,1.1257,2.4604,SN-08-A,35,S. neorickii,SN,grn,SN8,SN-08,LA2200,y,SC,Peru,Amazonas,NA,-6.26667,-77.73333,1900,HU,143,482,148,135,937,39,338,110
SN-08-A-05,SN,08,SN-08,A,05,grn,7,ripe,include,2020-08-05,14.9,13.84,1.08,1.6148,121,0.2931,87.8358,103.6957,19.9777,SN-08-A-05,SN-08,A,6.1633,6.5921,21.9999,34.7553,3.0932,1.0209,4.1141,SN-08-A,35,S. neorickii,SN,grn,SN8,SN-08,LA2200,y,SC,Peru,Amazonas,NA,-6.26667,-77.73333,1900,HU,143,482,148,135,937,39,338,110
SN-08-B-01,SN,08,SN-08,B,01,grn,7,ripe,include,2020-07-30,12.51,11.7,1.07,0.9866,84,0.3444,98.749,103.3981,19.2673,SN-08-B-01,SN-08,B,6.14775,6.44455,106.37725,118.96955,1.3969,1.8379,3.2348,SN-08-B,35,S. neorickii,SN,grn,SN8,SN-08,LA2200,y,SC,Peru,Amazonas,NA,-6.26667,-77.73333,1900,HU,143,482,148,135,937,39,338,110
SN-08-B-02,SN,08,SN-08,B,02,grn,7,ripe,include,2020-07-30,13.69,13.69,1,1.268,83,0.3902,93.1705,94.39,23.0737,SN-08-B-02,SN-08,B,6.8422,7.7635000000000005,22.66735,37.27305,2.2611,2.2632,4.5243,SN-08-B,35,S. neorickii,SN,grn,SN8,SN-08,LA2200,y,SC,Peru,Amazonas,NA,-6.26667,-77.73333,1900,HU,143,482,148,135,937,39,338,110
SN-08-C-02,SN,08,SN-08,C,02,grn,7,ripe,include,2020-07-14,11.11,10.85,1.02,0.7459,52,0.3297,95.4843,101.0572,16.6115,SN-08-C-02,SN-08,C,6.696,6.31415,74.5467,87.55685,1.1872,1.8084,2.9956,SN-08-C,35,S. neorickii,SN,grn,SN8,SN-08,LA2200,y,SC,Peru,Amazonas,NA,-6.26667,-77.73333,1900,HU,143,482,148,135,937,39,338,110
SN-08-C-05,SN,08,SN-08,C,05,grn,7,ripe,include,2020-08-28,11.53,10.64,1.08,0.7844,96,0.3625,101.4737,88.8546,12.3986,SN-08-C-05,SN-08,C,4.1448,5.1132,75.41329999999999,84.67129999999999,2.6359,0.9375,3.5734,SN-08-C,35,S. neorickii,SN,grn,SN8,SN-08,LA2200,y,SC,Peru,Amazonas,NA,-6.26667,-77.73333,1900,HU,143,482,148,135,937,39,338,110
SPE-16-A-03,SPE,16,SPE-16,A,03,grn,13,ripe,include,2020-09-08,12.92,10.01,1.29,0.9061,106,0.3599,91.1115,102.6038,13.3163,SPE-16-A-03,SPE-16,A,15.02225,18.4287,6.0448,39.49575,2.3279,3.9464,6.2743,SPE-16-A,36,S. pennellii,SPE,grn,SPE16,SPE-16,LA1809,NA,SI,Peru,Piura,NA,-5.11667,-81.15,10,NA,225,2444,258,197,25,141,24,0
SPE-16-A-05,SPE,16,SPE-16,A,05,grn,13,ripe,include,2020-09-15,13.73,10.17,1.35,0.9701,102,0.39,101.5209,94.0074,9.0187,SPE-16-A-05,SPE-16,A,19.407049999999998,17.4789,4.41375,41.299699999999994,2.6913,2.239,4.9303,SPE-16-A,36,S. pennellii,SPE,grn,SPE16,SPE-16,LA1809,NA,SI,Peru,Piura,NA,-5.11667,-81.15,10,NA,225,2444,258,197,25,141,24,0
SPE-16-B-03,SPE,16,SPE-16,B,03,grn,13,ripe,include,2020-08-30,12.23,9.94,1.23,0.7604,113,0.4219,106.7322,103.4084,19.2982,SPE-16-B-03,SPE-16,B,29.1786,40.4726,12.3157,81.96690000000001,1.0519,3.8813,4.9332,SPE-16-B,36,S. pennellii,SPE,grn,SPE16,SPE-16,LA1809,NA,SI,Peru,Piura,NA,-5.11667,-81.15,10,NA,225,2444,258,197,25,141,24,0
SPE-16-B-06,SPE,16,SPE-16,B,06,grn,13,ripe,include,2020-09-15,10.84,8.95,1.21,0.5536,117,0.266,89.262200000000007,103.9978,12.2445,SPE-16-B-06,SPE-16,B,10.9204,16.7374,2.7348,30.3926,6.9217,4.5074,11.4291,SPE-16-B,36,S. pennellii,SPE,grn,SPE16,SPE-16,LA1809,NA,SI,Peru,Piura,NA,-5.11667,-81.15,10,NA,225,2444,258,197,25,141,24,0
SPE-16-C-02,SPE,16,SPE-16,C,02,grn,13,unripe,include,2020-08-28,9.21,7.83,1.18,0.3442,45,0.4537,103.2636,90.2061,11.3889,SPE-16-C-02,SPE-16,C,11.2662,19.1884,5.9183,36.3729,8.177,5.3888,13.5658,SPE-16-C,36,S. pennellii,SPE,grn,SPE16,SPE-16,LA1809,NA,SI,Peru,Piura,NA,-5.11667,-81.15,10,NA,225,2444,258,197,25,141,24,0
SPE-16-C-05,SPE,16,SPE-16,C,05,grn,13,ripe,include,2020-09-08,8.99,7.58,1.19,0.3354,44,0.4547,83.4228,104.6193,13.3598,SPE-16-C-05,SPE-16,C,12.76425,25.187800000000003,7.8482,45.80025,6.7032,3.4225,10.1257,SPE-16-C,36,S. pennellii,SPE,grn,SPE16,SPE-16,LA1809,NA,SI,Peru,Piura,NA,-5.11667,-81.15,10,NA,225,2444,258,197,25,141,24,0
SPE-20-A-04,SPE,20,SPE-20,A,04,grn,13,ripe,include,2020-08-20,14.95,11.51,1.3,1.2785,54,0.404,93.7407,104.4279,15.7924,SPE-20-A-04,SPE-20,A,18.87195,20.461199999999998,68.09129999999999,107.42444999999998,3.7204,3.7773,7.4977,SPE-20-A,37,S. pennellii,SPE,grn,SPE20,SPE-20,LA2580,y,SI,Peru,Ancash,NA,-9.51667,-78.00833,650,AR,184,1613,206,165,53,91,36,3
SPE-20-A-05,SPE,20,SPE-20,A,05,grn,13,ripe,include,2020-09-01,12.75,10.43,1.22,0.8903,70,0.3615,83.2576,105.6697,15.2555,SPE-20-A-05,SPE-20,A,16.57495,13.577549999999999,3.02115,33.17365,8.7955,6.3131,15.108600000000001,SPE-20-A,37,S. pennellii,SPE,grn,SPE20,SPE-20,LA2580,y,SI,Peru,Ancash,NA,-9.51667,-78.00833,650,AR,184,1613,206,165,53,91,36,3
SPE-20-B-01,SPE,20,SPE-20,B,01,grn,13,ripe,include,2020-07-08,14.72,10.99,1.34,1.2575,214,0.1897,89.1961,100.0177,11.3075,SPE-20-B-01,SPE-20,B,4.08455,5.071400000000001,8.4753,17.63125,10.0438,8.3712,18.415,SPE-20-B,37,S. pennellii,SPE,grn,SPE20,SPE-20,LA2580,y,SI,Peru,Ancash,NA,-9.51667,-78.00833,650,AR,184,1613,206,165,53,91,36,3
SPE-20-B-05,SPE,20,SPE-20,B,05,grn,13,ripe,include,2020-08-05,21.82,17.34,1.26,4.0885,255,0.2715,105.8323,106.9282,15.7051,SPE-20-B-05,SPE-20,B,6.57205,10.0161,37.301950000000005,53.890100000000004,4.0393,3.6952,7.7345,SPE-20-B,37,S. pennellii,SPE,grn,SPE20,SPE-20,LA2580,y,SI,Peru,Ancash,NA,-9.51667,-78.00833,650,AR,184,1613,206,165,53,91,36,3
SPE-20-C-04,SPE,20,SPE-20,C,04,grn,13,ripe,include,2020-07-23,16.86,13.61,1.24,1.8708,221,0.4028,90.7315,103.351,16.3193,SPE-20-C-04,SPE-20,C,12.846499999999999,36.856849999999994,3.0153499999999998,52.71869999999999,0.7729,3.5998,4.3727,SPE-20-C,37,S. pennellii,SPE,grn,SPE20,SPE-20,LA2580,y,SI,Peru,Ancash,NA,-9.51667,-78.00833,650,AR,184,1613,206,165,53,91,36,3
SPE-20-C-06,SPE,20,SPE-20,C,06,grn,13,ripe,include,2020-07-27,17.75,13.69,1.3,2.2249,230,0.4025,86.6662,107.6034,15.7669,SPE-20-C-06,SPE-20,C,10.013349999999999,30.62455,6.06645,46.704350000000005,0.786,4.0308,4.816800000000001,SPE-20-C,37,S. pennellii,SPE,grn,SPE20,SPE-20,LA2580,y,SI,Peru,Ancash,NA,-9.51667,-78.00833,650,AR,184,1613,206,165,53,91,36,3
SPE-21-A-04,SPE,21,SPE-21,A,04,grn,13,ripe,include,2020-07-22,16.77,12.59,1.33,1.7505,112,0.2758,72.3382,98.6666,15.0897,SPE-21-A-04,SPE-21,A,4.14565,7.0647,60.719350000000006,71.92970000000001,0.4976,3.986,4.4836,SPE-21-A,38,S. pennellii,SPE,grn,SPE21,SPE-21,LA2963,y,SC,Peru,Arequipa,NA,-16.025,-72.49028,1250,AR,201,1361,218,182,20,69,11,2
SPE-21-A-05,SPE,21,SPE-21,A,05,grn,13,ripe,include,2020-07-22,16.4,12.39,1.32,1.7253,118,0.2419,69.59,95.4857,13.9362,SPE-21-A-05,SPE-21,A,4.21185,6.077299999999999,98.6339,108.92304999999999,0.4427,4.6661,5.1088000000000005,SPE-21-A,38,S. pennellii,SPE,grn,SPE21,SPE-21,LA2963,y,SC,Peru,Arequipa,NA,-16.025,-72.49028,1250,AR,201,1361,218,182,20,69,11,2
SPE-21-B-01,SPE,21,SPE-21,B,01,grn,13,ripe,include,2020-07-08,19.71,13.26,1.49,2.9805,118,0.3393,89.8443,102.5741,16.225,SPE-21-B-01,SPE-21,B,3.0153999999999996,5.8276,37.851,46.694,0.6865,2.6409,3.3274,SPE-21-B,38,S. pennellii,SPE,grn,SPE21,SPE-21,LA2963,y,SC,Peru,Arequipa,NA,-16.025,-72.49028,1250,AR,201,1361,218,182,20,69,11,2
SPE-21-B-06,SPE,21,SPE-21,B,06,grn,13,ripe,include,2020-08-06,20.52,13.98,1.47,2.8801,128,0.3546,95.1053,97.7192,12.7905,SPE-21-B-06,SPE-21,B,6.777200000000001,9.8372,30.04835,46.66275,0.5916,1.9544,2.546,SPE-21-B,38,S. pennellii,SPE,grn,SPE21,SPE-21,LA2963,y,SC,Peru,Arequipa,NA,-16.025,-72.49028,1250,AR,201,1361,218,182,20,69,11,2
SPE-21-C-01,SPE,21,SPE-21,C,01,grn,13,ripe,include,2020-06-23,21.58,14.85,1.45,3.1987,212,0.2885,91.7605,102.17,14.0734,SPE-21-C-01,SPE-21,C,7.4128,8.61335,23.90015,39.9263,5.6313,5.7308,11.362100000000002,SPE-21-C,38,S. pennellii,SPE,grn,SPE21,SPE-21,LA2963,y,SC,Peru,Arequipa,NA,-16.025,-72.49028,1250,AR,201,1361,218,182,20,69,11,2
SPE-21-C-06,SPE,21,SPE-21,C,06,grn,13,ripe,include,2020-07-27,15.03,10.92,1.38,1.3027,147,0.242,87.7756,97.9693,18.2754,SPE-21-C-06,SPE-21,C,7.2715,9.170950000000001,81.86585,98.3083,0.721,3.3979,4.1189,SPE-21-C,38,S. pennellii,SPE,grn,SPE21,SPE-21,LA2963,y,SC,Peru,Arequipa,NA,-16.025,-72.49028,1250,AR,201,1361,218,182,20,69,11,2
SPM-01-A-03,SPM,01,SPM-01,A,03,roy,2,ripe,include,2020-06-09,12.87,11.48,1.12,1.0306,26,0.4221,74.7951,31.8197,37.757,SPM-01-A-03,SPM-01,A,21.6328,26.26415,4.352650000000001,52.2496,4.2626,0.2599,4.5225,SPM-01-A,44,S. pimpinellifolium,SPM,roy,SPM1,SPM-01,LA0373,y,SC,Peru,Ancash,NA,-9.93694,-78.21833,60,SA,194,1989,221,171,9,72,5,0
SPM-01-A-07,SPM,01,SPM-01,A,07,roy,2,ripe,include,2020-07-22,13.21,13.27,1,1.3198,24,0.4207,75.0119,29.0342,31.6943,SPM-01-A-07,SPM-01,A,38.635149999999996,28.6004,4.2747,71.510249999999985,3.1455,0.2781,3.4236000000000004,SPM-01-A,44,S. pimpinellifolium,SPM,roy,SPM1,SPM-01,LA0373,y,SC,Peru,Ancash,NA,-9.93694,-78.21833,60,SA,194,1989,221,171,9,72,5,0
SPM-01-B-03,SPM,01,SPM-01,B,03,roy,2,ripe,include,2020-06-23,11.14,10.51,1.06,0.7587,21,0.4245,70.2859,30.489,32.051,SPM-01-B-03,SPM-01,B,35.639250000000004,36.2134,10.7809,82.63355000000001,5.4762,0.3416,5.8178,SPM-01-B,44,S. pimpinellifolium,SPM,roy,SPM1,SPM-01,LA0373,y,SC,Peru,Ancash,NA,-9.93694,-78.21833,60,SA,194,1989,221,171,9,72,5,0
SPM-01-B-04,SPM,01,SPM-01,B,04,roy,2,ripe,include,2020-07-14,14.08,13.7,1.03,1.5504,32,0.3725,71.1322,30.8839,34.294,SPM-01-B-04,SPM-01,B,29.9125,32.60865,5.184950000000001,67.70609999999999,5.9879,1.2518,7.2397,SPM-01-B,44,S. pimpinellifolium,SPM,roy,SPM1,SPM-01,LA0373,y,SC,Peru,Ancash,NA,-9.93694,-78.21833,60,SA,194,1989,221,171,9,72,5,0
SPM-01-C-02,SPM,01,SPM-01,C,02,roy,2,ripe,include,2020-06-19,11.24,10.21,1.1,0.7203,26,0.4505,72.6988,30.9906,33.8614,SPM-01-C-02,SPM-01,C,34.2987,39.1232,5.71565,79.13754999999999,3.9901,0.2281,4.2182,SPM-01-C,44,S. pimpinellifolium,SPM,roy,SPM1,SPM-01,LA0373,y,SC,Peru,Ancash,NA,-9.93694,-78.21833,60,SA,194,1989,221,171,9,72,5,0
SPM-01-C-04,SPM,01,SPM-01,C,04,roy,2,ripe,include,2020-07-07,13.25,11.62,1.14,1.0924,24,0.3281,71.5846,30.5236,33.3406,SPM-01-C-04,SPM-01,C,38.51405,39.8168,5.5312,83.86205,9.0794,0.7008,9.780199999999999,SPM-01-C,44,S. pimpinellifolium,SPM,roy,SPM1,SPM-01,LA0373,y,SC,Peru,Ancash,NA,-9.93694,-78.21833,60,SA,194,1989,221,171,9,72,5,0
SPM-B5-A-03,SPM,B5,SPM-B5,A,03,roy,2,ripe,include,2020-08-11,13.42,13.42,1,1.3781,24,0.3729,76.4816,29.755,35.1412,SPM-B5-A-03,SPM-B5,A,33.0163,33.146,8.58805,74.75035,5.5811,0.4057,5.986800000000001,SPM-B5-A,42,S. pimpinellifolium,SPM,roy,SPM-B5,SPM-B5,BGV006353,y,SC,Peru,Lambayeque,SP PER,-5.589166667,-79.97027778,270,SA,239,1623,260,219,155,191,134,0
SPM-B5-A-05,SPM,B5,SPM-B5,A,05,roy,2,ripe,include,2020-09-01,13.39,13.83,0.97,1.4705,29,0.4206,71.5828,26.9571,31.1753,SPM-B5-A-05,SPM-B5,A,61.0646,14.96285,29.655900000000003,105.68335,5.2756,0.5195,5.7951,SPM-B5-A,42,S. pimpinellifolium,SPM,roy,SPM-B5,SPM-B5,BGV006353,y,SC,Peru,Lambayeque,SP PER,-5.589166667,-79.97027778,270,SA,239,1623,260,219,155,191,134,0
SPM-B5-B-04,SPM,B5,SPM-B5,B,04,roy,2,ripe,include,2020-08-20,13.18,13.03,1.01,1.3564,25,0.3589,74.9025,29.4546,34.2764,SPM-B5-B-04,SPM-B5,B,47.17395,33.415800000000004,13.8234,94.41315,6.3934,0.436,6.8294,SPM-B5-B,42,S. pimpinellifolium,SPM,roy,SPM-B5,SPM-B5,BGV006353,y,SC,Peru,Lambayeque,SP PER,-5.589166667,-79.97027778,270,SA,239,1623,260,219,155,191,134,0
SPM-B5-B-05,SPM,B5,SPM-B5,B,05,roy,2,ripe,include,2020-08-20,13.48,13.59,0.99,1.4566,29,0.4047,76.0917,30.2129,34.7945,SPM-B5-B-05,SPM-B5,B,40.2342,36.86645,8.0372,85.13785,7.0376,0.4793,7.516900000000001,SPM-B5-B,42,S. pimpinellifolium,SPM,roy,SPM-B5,SPM-B5,BGV006353,y,SC,Peru,Lambayeque,SP PER,-5.589166667,-79.97027778,270,SA,239,1623,260,219,155,191,134,0
SPM-B5-C-03,SPM,B5,SPM-B5,C,03,roy,2,ripe,include,2020-08-20,13.21,13.27,1,1.3382,31,0.3591,76.1772,28.8928,34.9769,SPM-B5-C-03,SPM-B5,C,32.38945,31.74955,19.19235,83.33135,5.3393,0.4663,5.8056,SPM-B5-C,42,S. pimpinellifolium,SPM,roy,SPM-B5,SPM-B5,BGV006353,y,SC,Peru,Lambayeque,SP PER,-5.589166667,-79.97027778,270,SA,239,1623,260,219,155,191,134,0
SPM-B5-C-05,SPM,B5,SPM-B5,C,05,roy,2,ripe,include,2020-08-28,13.34,13,1.03,1.3026,27,0.343,74.3892,27.8596,33.1624,SPM-B5-C-05,SPM-B5,C,26.6995,28.13925,6.1053500000000005,60.944100000000006,4.1893,0.1963,4.3856,SPM-B5-C,42,S. pimpinellifolium,SPM,roy,SPM-B5,SPM-B5,BGV006353,y,SC,Peru,Lambayeque,SP PER,-5.589166667,-79.97027778,270,SA,239,1623,260,219,155,191,134,0
SPM-B6-A-04,SPM,B6,SPM-B6,A,04,roy,2,ripe,include,2020-08-05,18.54,14.55,1.27,2.6315,87,0.2391,76.9008,29.5777,37.0082,SPM-B6-A-04,SPM-B6,A,27.448949999999996,30.0587,8.82285,66.3305,5.4121,0.7971,6.2092,SPM-B6-A,43,S. pimpinellifolium,SPM,roy,SPM-B6,SPM-B6,BGV007161,y,SC,Ecuador,Manabi,SP NECU,0.005277778,-79.88333333,151,SA,245,671,254,238,1387,90,807,59
SPM-B6-A-05,SPM,B6,SPM-B6,A,05,roy,2,ripe,include,2020-08-05,17.87,14.67,1.22,2.5596,90,0.2738,79.0535,31.4983,37.7144,SPM-B6-A-05,SPM-B6,A,21.617649999999998,22.4165,3.7989,47.83305,9.2514,0.695,9.9464,SPM-B6-A,43,S. pimpinellifolium,SPM,roy,SPM-B6,SPM-B6,BGV007161,y,SC,Ecuador,Manabi,SP NECU,0.005277778,-79.88333333,151,SA,245,671,254,238,1387,90,807,59
SPM-B6-B-02,SPM,B6,SPM-B6,B,02,roy,2,ripe,include,2020-07-20,17.49,13.75,1.27,2.1302,49,0.2909,79.7659,30.657,38.8903,SPM-B6-B-02,SPM-B6,B,6.9693000000000005,9.46865,2.8392999999999997,19.277250000000002,6.3545,0.4052,6.7597,SPM-B6-B,43,S. pimpinellifolium,SPM,roy,SPM-B6,SPM-B6,BGV007161,y,SC,Ecuador,Manabi,SP NECU,0.005277778,-79.88333333,151,SA,245,671,254,238,1387,90,807,59
SPM-B6-B-03,SPM,B6,SPM-B6,B,03,roy,2,ripe,include,2020-08-06,18.87,15.96,1.18,3.0579,75,0.3066,78.2497,29.8445,37.1259,SPM-B6-B-03,SPM-B6,B,22.0529,22.457349999999998,0.7586,45.26885,8.7236,0.5334,9.257,SPM-B6-B,43,S. pimpinellifolium,SPM,roy,SPM-B6,SPM-B6,BGV007161,y,SC,Ecuador,Manabi,SP NECU,0.005277778,-79.88333333,151,SA,245,671,254,238,1387,90,807,59
SPM-B6-C-03,SPM,B6,SPM-B6,C,03,roy,2,ripe,include,2020-07-20,11.83,8.65,1.37,0.6229,5,0.3628,69.7748,28.9164,32.7054,SPM-B6-C-03,SPM-B6,C,17.128700000000002,20.9878,13.265,51.3815,6.3609,0.3726,6.7335,SPM-B6-C,43,S. pimpinellifolium,SPM,roy,SPM-B6,SPM-B6,BGV007161,y,SC,Ecuador,Manabi,SP NECU,0.005277778,-79.88333333,151,SA,245,671,254,238,1387,90,807,59
SPM-B6-C-05,SPM,B6,SPM-B6,C,05,roy,2,ripe,include,2020-08-28,18.35,14.96,1.23,2.7798,73,0.3392,76.4997,27.631,33.4492,SPM-B6-C-05,SPM-B6,C,18.859250000000003,22.8,0.7700499999999999,42.4293,4.4772,0.775,5.2522,SPM-B6-C,43,S. pimpinellifolium,SPM,roy,SPM-B6,SPM-B6,BGV007161,y,SC,Ecuador,Manabi,SP NECU,0.005277778,-79.88333333,151,SA,245,671,254,238,1387,90,807,59
SPV-02-A-09,SPV,02,SPV-02,A,09,grn,9,ripe,include,2020-08-13,24.04,19.02,1.26,5.6392,127,0.3674,111.1746,93.9019,10.9454,SPV-02-A-09,SPV-02,A,2.0903,4.14315,19.80575,26.0392,0.8551,3.2872,4.1423,SPV-02-A,39,S. peruvianum,SPV,grn,SPV2,SPV-02,LA1474,y,SI,Peru,Arequipa,NA,-16.36667,-73.01667,1300,AR,182,1615,203,161,2,37,2,0
SPV-02-A-10,SPV,02,SPV-02,A,10,grn,9,ripe,include,2020-09-05,12.66,10.72,1.18,1.0249,16,0.3439,79.5161,70.324700000000007,11.7689,SPV-02-A-10,SPV-02,A,4.7383500000000005,10.56625,22.74055,38.04515,1.6551,1.3606,3.0157,SPV-02-A,39,S. peruvianum,SPV,grn,SPV2,SPV-02,LA1474,y,SI,Peru,Arequipa,NA,-16.36667,-73.01667,1300,AR,182,1615,203,161,2,37,2,0
SPV-02-C-01,SPV,02,SPV-02,C,01,grn,9,ripe,include,2020-07-20,19.99,20.24,0.99,4.1709,127,0.3544,86.2963,90.8119,15.5188,SPV-02-C-01,SPV-02,C,3.8923,7.125249999999999,78.15790000000001,89.17545000000001,1.6479,3.5689,5.2168,SPV-02-C,39,S. peruvianum,SPV,grn,SPV2,SPV-02,LA1474,y,SI,Peru,Arequipa,NA,-16.36667,-73.01667,1300,AR,182,1615,203,161,2,37,2,0
SPV-02-C-05,SPV,02,SPV-02,C,05,grn,9,ripe,include,2020-07-27,19.9,17.88,1.11,3.7438,86,0.3387,94.8341,83.9047,13.7867,SPV-02-C-05,SPV-02,C,2.6544,3.9127,94.49965,101.06675,2.384,5.2713,7.6553,SPV-02-C,39,S. peruvianum,SPV,grn,SPV2,SPV-02,LA1474,y,SI,Peru,Arequipa,NA,-16.36667,-73.01667,1300,AR,182,1615,203,161,2,37,2,0
SPV-04-A-01,SPV,04,SPV-04,A,01,grn,9,ripe,include,2020-07-22,11.12,9.92,1.12,0.6624,39,0.3472,88.3854,96.3145,12.4941,SPV-04-A-01,SPV-04,A,2.9801,4.0606,24.47325,31.51395,3.9746,1.871,5.8456,SPV-04-A,40,S. peruvianum,SPV,grn,SPV4,SPV-04,LA0441,y,SI,Peru,La Libertad,NA,-7.991389,-79.103611,350,AR,190,1871,217,170,28,113,23,0
SPV-04-A-04,SPV,04,SPV-04,A,04,grn,9,ripe,include,2020-09-01,10.05,9.32,1.08,0.5196,27,0.4267,85.7363,98.8212,13.7851,SPV-04-A-04,SPV-04,A,1.7001499999999998,1.64325,14.0001,17.3435,3.4191,1.5861,5.0052,SPV-04-A,40,S. peruvianum,SPV,grn,SPV4,SPV-04,LA0441,y,SI,Peru,La Libertad,NA,-7.991389,-79.103611,350,AR,190,1871,217,170,28,113,23,0
SPV-04-B-07,SPV,04,SPV-04,B,07,grn,9,ripe,include,2020-09-01,13.32,12.95,1.03,1.3007,48,0.3736,85.3159,105.1171,14.6143,SPV-04-B-07,SPV-04,B,6.4319500000000005,8.46495,54.01605,68.91295,4.7095,2.1142,6.8237000000000005,SPV-04-B,40,S. peruvianum,SPV,grn,SPV4,SPV-04,LA0441,y,SI,Peru,La Libertad,NA,-7.991389,-79.103611,350,AR,190,1871,217,170,28,113,23,0
SPV-04-B-08,SPV,04,SPV-04,B,08,grn,9,ripe,include,2020-09-01,15.07,14.33,1.05,1.7975,53,0.404,83.8779,102.674,18.2341,SPV-04-B-08,SPV-04,B,8.85585,9.0146,149.9408,167.81125,1.9845,1.6524,3.6369,SPV-04-B,40,S. peruvianum,SPV,grn,SPV4,SPV-04,LA0441,y,SI,Peru,La Libertad,NA,-7.991389,-79.103611,350,AR,190,1871,217,170,28,113,23,0
SPV-04-C-02,SPV,04,SPV-04,C,02,grn,9,ripe,include,2020-08-28,11.97,11.28,1.06,0.8779,46,0.4231,88.047,103.2808,15.2868,SPV-04-C-02,SPV-04,C,6.851,12.765699999999999,62.4688,82.0855,1.6617,1.1284,2.7901,SPV-04-C,40,S. peruvianum,SPV,grn,SPV4,SPV-04,LA0441,y,SI,Peru,La Libertad,NA,-7.991389,-79.103611,350,AR,190,1871,217,170,28,113,23,0
SPV-04-C-04,SPV,04,SPV-04,C,04,grn,9,ripe,include,2020-08-28,13.39,12.42,1.08,1.2307,56,0.391,81.9802,101.211,16.4053,SPV-04-C-04,SPV-04,C,5.86655,9.879999999999999,44.86135,60.6079,4.7164,2.3434,7.0598,SPV-04-C,40,S. peruvianum,SPV,grn,SPV4,SPV-04,LA0441,y,SI,Peru,La Libertad,NA,-7.991389,-79.103611,350,AR,190,1871,217,170,28,113,23,0
SPV-09-A-02,SPV,09,SPV-09,A,02,grn,9,ripe,include,2020-08-26,16.21,14.01,1.16,2.0095,30,0.4332,100.539,57.6386,9.8476,SPV-09-A-02,SPV-09,A,0.1376,7.56125,69.36825,77.06710000000001,4.1288,1.6647,5.7935,SPV-09-A,41,S. peruvianum,SPV,grn,SPV9,SPV-09,LA0111,y,SI,Peru,Lima,NA,-10.8,-77.73333,50,AR,190,2119,220,166,8,47,3,1
SPV-09-A-03,SPV,09,SPV-09,A,03,grn,9,ripe,include,2020-08-30,20.11,16.78,1.2,3.5647,76,0.4014,103.1593,10.1637,9.5479,SPV-09-A-03,SPV-09,A,0.43674999999999997,7.2715499999999995,67.10555,74.81384999999999,5.1691,1.7574,6.926500000000001,SPV-09-A,41,S. peruvianum,SPV,grn,SPV9,SPV-09,LA0111,y,SI,Peru,Lima,NA,-10.8,-77.73333,50,AR,190,2119,220,166,8,47,3,1
SPV-09-B-03,SPV,09,SPV-09,B,03,grn,9,ripe,include,2020-08-20,19.69,16.58,1.19,3.4398,106,0.4454,103.0681,77.7883,13.4641,SPV-09-B-03,SPV-09,B,3.11515,30.84375,53.681650000000005,87.64055,2.2515,1.5555,3.8070000000000004,SPV-09-B,41,S. peruvianum,SPV,grn,SPV9,SPV-09,LA0111,y,SI,Peru,Lima,NA,-10.8,-77.73333,50,AR,190,2119,220,166,8,47,3,1
SPV-09-B-05,SPV,09,SPV-09,B,05,grn,9,unripe,include,2020-09-01,14.91,11.73,1.27,1.2958,44,0.3725,94.5918,86.9934,12.7751,SPV-09-B-05,SPV-09,B,2.676,26.03335,84.73625,113.4456,4.2237,0.7833,5.007,SPV-09-B,41,S. peruvianum,SPV,grn,SPV9,SPV-09,LA0111,y,SI,Peru,Lima,NA,-10.8,-77.73333,50,AR,190,2119,220,166,8,47,3,1
SPV-09-C-01,SPV,09,SPV-09,C,01,grn,9,ripe,include,2020-07-30,18.71,15.58,1.2,2.7541,70,0.2898,94.8759,72.3877,14.3192,SPV-09-C-01,SPV-09,C,1.22375,6.5169,24.70045,32.4411,3.0461,3.5419,6.588,SPV-09-C,41,S. peruvianum,SPV,grn,SPV9,SPV-09,LA0111,y,SI,Peru,Lima,NA,-10.8,-77.73333,50,AR,190,2119,220,166,8,47,3,1
SPV-09-C-03,SPV,09,SPV-09,C,03,grn,9,ripe,include,2020-09-05,13.27,12.07,1.1,1.1413,19,0.3896,90.5104,51.0868,12.2801,SPV-09-C-03,SPV-09,C,5.59665,16.44195,28.8018,50.8404,4.5744,2.7142,7.2886,SPV-09-C,41,S. peruvianum,SPV,grn,SPV9,SPV-09,LA0111,y,SI,Peru,Lima,NA,-10.8,-77.73333,50,AR,190,2119,220,166,8,47,3,1
